run_id,actual_utc,scheduled_utc,directory_drift_s,controller_start_utc,controller_start_drift_s,telemetry_start_utc,telemetry_start_drift_s,study_day,utc_hour,completed_ok,request_errors,dropped_admissions,output_tokens,completion_span_s,ttft_p50,ttft_p99,ttft_cv,e2e_p99,tpot_p50,tokens_per_s,gpu_sm_clock_median,gpu_memory_clock_median,gpu_power_median,gpu_power_p95,gpu_temp_p95,gpu_util_median,gpu_memory_util_median,gpu_power_capped_fraction,gpu_thermal_slowdown_fraction,cpu_steal_p95,cpu_steal_max,cpu_iowait_p95,cpu_iowait_max,disk_vda_util_p95,disk_vda_util_max,net_eth1_rx_mbps,net_eth1_tx_mbps,metrics_samples,waiting_max,running_max,kv_usage_max,preemptions_delta,dcgm_valid
20260907T050000Z,2026-09-07T05:00:00Z,2026-09-07T05:00:00Z,0.0,2026-09-07T05:00:00Z,0.0,2026-09-07T05:00:01Z,1.0,1,5,481,0,0,123136,121.67345086298883,0.029418594989692792,0.055543736001709476,0.1998698145195337,1.9367979259986896,0.007146220109836363,1012.0202815539282,1980.0,2619.0,459.585,476.2565,52.0,100.0,85.0,0.0,0.0,0.0,0.05,0.0,0.05,0.8,0.8,0.6712628666666667,2.837203533333333,120,0.0,18.0,0.026054690650963996,0.0,False
20260907T053000Z,2026-09-07T05:30:00Z,2026-09-07T05:30:00Z,0.0,2026-09-07T05:30:00Z,0.0,2026-09-07T05:30:01Z,1.0,1,5,481,0,0,123136,121.66697427799227,0.028463829978136346,0.04350339001393877,0.18123666799717023,1.9300189460045658,0.0071401268430967245,1012.0741534892716,1980.0,2619.0,458.19500000000005,472.87149999999997,50.0,100.0,85.0,0.0,0.0,0.0,0.05,0.0,0.05,0.819999999999999,1.2,0.6672941487603307,2.8135270743801652,121,0.0,15.0,0.021577801080906678,0.0,False
20260907T060000Z,2026-09-07T06:00:00Z,2026-09-07T06:00:00Z,0.0,2026-09-07T06:00:00Z,0.0,2026-09-07T06:00:01Z,1.0,1,6,481,0,0,123136,121.66971985399141,0.029201147001003847,0.055501030990853906,0.19703613028221678,1.928087812004378,0.0071373131842918545,1012.0513152144033,1980.0,2619.0,453.275,470.092,46.0,100.0,85.0,0.0,0.0,0.0,0.0,0.0,0.05,0.8,0.8,0.6712273333333334,2.8376842666666664,120,0.0,16.0,0.023191094619666064,0.0,False
20260907T063000Z,2026-09-07T06:30:00Z,2026-09-07T06:30:00Z,0.0,2026-09-07T06:30:00Z,0.0,2026-09-07T06:30:01Z,1.0,1,6,481,0,0,123136,121.66630500898464,0.03151466097915545,0.0720388240297325,0.2919562794171689,1.9335515309940092,0.007134986756935569,1012.0797207649795,1980.0,2619.0,452.03499999999997,467.05150000000003,45.0,100.0,85.0,0.0,0.0,0.0,0.05,0.0,0.15,0.8,2.4,0.6650299333333334,2.8377784666666668,120,0.0,18.0,0.026780672743405676,0.0,False
20260907T070000Z,2026-09-07T07:00:00Z,2026-09-07T07:00:00Z,0.0,2026-09-07T07:00:00Z,0.0,2026-09-07T07:00:01Z,1.0,1,7,481,0,0,123136,121.70999066199875,0.028965310018975288,0.054096788982860744,0.19439218498413796,1.926513485959731,0.0071438049333736155,1011.7164526120246,1980.0,2619.0,456.745,473.3125,49.0,100.0,85.0,0.0,0.0,0.0,0.05,0.0,0.05,0.8,1.6,0.6719484666666666,2.8378356666666664,120,0.0,16.0,0.022707106558038204,0.0,False
20260907T073000Z,2026-09-07T07:30:00Z,2026-09-07T07:30:00Z,0.0,2026-09-07T07:30:00Z,0.0,2026-09-07T07:30:00Z,0.0,1,7,481,0,0,123136,121.66740702599054,0.028157353051938117,0.044970524962991476,0.15727211502901592,1.9258493620436639,0.00713611019218304,1012.0705537325681,1980.0,2619.0,450.01,464.05350000000004,42.05,100.0,85.0,0.0,0.0,0.0,0.05,0.0,0.05,0.8,0.8,0.6629828760330578,2.8135855867768598,121,0.0,15.0,0.021819795111720608,0.0,False
20260907T080000Z,2026-09-07T08:00:00Z,2026-09-07T08:00:00Z,0.0,2026-09-07T08:00:00Z,0.0,2026-09-07T08:00:01Z,1.0,1,8,481,0,0,123136,121.67211521998979,0.029977700032759458,0.06005973898572847,0.208686117328835,1.9378518429584801,0.007144302980262128,1012.0313909013863,1980.0,2619.0,459.44,475.29999999999995,51.0,100.0,85.0,0.0,0.0,0.0,0.0,0.0,0.1,0.8,1.2,0.6714299333333333,2.83735,120,0.0,18.0,0.025732031943212053,0.0,False
20260907T083000Z,2026-09-07T08:30:00Z,2026-09-07T08:30:00Z,0.0,2026-09-07T08:30:00Z,0.0,2026-09-07T08:30:01Z,1.0,1,8,481,0,0,123136,121.65976879000664,0.02890626504085958,0.04679392202524468,0.1573983747720818,1.9272868300322443,0.007136386290293041,1012.1340951464525,1980.0,2619.0,449.705,465.7515,43.0,100.0,85.0,0.0,0.0,0.0,0.0,0.0,0.05,0.8,0.8,0.6716661333333332,2.837001133333333,120,0.0,16.0,0.02274743889650721,0.0,False
20260907T090000Z,2026-09-07T09:00:00Z,2026-09-07T09:00:00Z,0.0,2026-09-07T09:00:00Z,0.0,2026-09-07T09:00:01Z,1.0,1,9,481,0,0,123136,121.66597561002709,0.028678691014647484,0.048215971037279814,0.16429784426457975,1.9255962540046312,0.007136968415522692,1012.0824608737347,1980.0,2619.0,449.515,464.53049999999996,42.0,100.0,85.0,0.0,0.0,0.0,0.0,0.0,0.05,0.8,1.2,0.6668876694214876,2.813641123966942,120,0.0,16.0,0.022908768250383127,0.0,False
20260907T093000Z,2026-09-07T09:30:00Z,2026-09-07T09:30:00Z,0.0,2026-09-07T09:30:00Z,0.0,2026-09-07T09:30:00Z,0.0,1,9,481,0,0,123136,121.6626085289754,0.030423530959524214,0.05776388302911073,0.2179381722889044,1.9285945279989392,0.007140863858912067,1012.1104708245155,1980.0,2619.0,449.16499999999996,463.56399999999996,42.0,100.0,85.0,0.0,0.0,0.0,0.05,0.0,0.05,0.8,1.2,0.6621149090909091,2.8135902809917352,120,0.0,18.0,0.02649834637412274,0.0,False
20260907T100000Z,2026-09-07T10:00:00Z,2026-09-07T10:00:00Z,0.0,2026-09-07T10:00:00Z,0.0,2026-09-07T10:00:01Z,1.0,1,10,481,0,0,123136,121.66940245701699,0.028235487989149988,0.046273003972601146,0.152781562689382,1.9252937940182164,0.007142778078559786,1012.0539553360684,1980.0,2619.0,461.14,477.7265,52.0,100.0,85.0,0.0,0.0,0.0,0.0,0.0,0.05,0.8,1.2,0.6728443333333334,2.837376466666667,121,0.0,16.0,0.022102121481003434,0.0,False
20260907T103000Z,2026-09-07T10:30:00Z,2026-09-07T10:30:00Z,0.0,2026-09-07T10:30:00Z,0.0,2026-09-07T10:30:01Z,1.0,1,10,481,0,0,123136,121.66798811999615,0.028790012001991272,0.044646578026004136,0.13995048228862292,1.9259164019604214,0.007141322878362866,1012.0657200195997,1980.0,2619.0,459.33500000000004,474.4245,51.0,100.0,85.0,0.0,0.0,0.0,0.0,0.0,0.05,0.8,1.2,0.6727897333333333,2.837051,120,0.0,16.0,0.022586109542631294,0.0,False
20260907T110000Z,2026-09-07T11:00:00Z,2026-09-07T11:00:00Z,0.0,2026-09-07T11:00:00Z,0.0,2026-09-07T11:00:01Z,1.0,1,11,481,0,0,123136,121.6773024930153,0.02938563300995156,0.050008507969323546,0.17662689855423666,1.9293916969909333,0.007139602274515246,1011.9882465924031,1980.0,2619.0,458.72,472.738,50.0,100.0,85.0,0.0,0.0,0.0,0.05,0.0,0.05,0.8,0.8,0.6707611333333333,2.8377190666666667,120,0.0,16.0,0.02323142695813507,0.0,False
20260907T113000Z,2026-09-07T11:30:00Z,2026-09-07T11:30:00Z,0.0,2026-09-07T11:30:00Z,0.0,2026-09-07T11:30:00Z,0.0,1,11,481,0,0,123136,121.65917385899229,0.02849668200360611,0.04734584502875805,0.16799029531525828,1.9237564919749275,0.007135676788211818,1012.1390446290504,1980.0,2619.0,449.64,465.807,43.0,100.0,85.0,0.0,0.0,0.0,0.05,0.0,0.05,0.8,0.8,0.6710942666666667,2.836852,120,0.0,16.0,0.02274743889650721,0.0,False
20260907T120000Z,2026-09-07T12:00:00Z,2026-09-07T12:00:00Z,0.0,2026-09-07T12:00:00Z,0.0,2026-09-07T12:00:01Z,1.0,1,12,481,0,0,123136,121.66354554402642,0.028282752027735114,0.04445278295315802,0.13566337772952225,1.9231769840116613,0.007137414086244854,1012.1026758622676,1980.0,2619.0,449.72,466.369,43.0,100.0,85.0,0.0,0.0,0.0,0.0,0.0,0.05,0.8,1.6,0.6725947333333333,2.8371171333333334,121,0.0,16.0,0.022102121481003434,0.0,False
20260907T123000Z,2026-09-07T12:30:00Z,2026-09-07T12:30:00Z,0.0,2026-09-07T12:30:00Z,0.0,2026-09-07T12:30:00Z,0.0,1,12,481,0,0,123136,121.66083106800215,0.028292837960179895,0.04239233100088313,0.13792941124485508,1.9195201119873673,0.007138119000192805,1012.1252577271423,1980.0,2619.0,449.79499999999996,465.59049999999996,42.0,100.0,85.0,0.0,0.0,0.0,0.05,0.0,0.05,0.8,1.2,0.6641723636363637,2.812750214876033,121,0.0,15.0,0.023271759296603967,0.0,False
20260907T130000Z,2026-09-07T13:00:00Z,2026-09-07T13:00:00Z,0.0,2026-09-07T13:00:00Z,0.0,2026-09-07T13:00:01Z,1.0,1,13,481,0,0,123136,121.6636019530124,0.02836660499451682,0.04184677102603018,0.13804379004325537,1.92309356800979,0.00713912429009546,1012.1022066037158,1980.0,2619.0,449.315,465.4635,42.0,100.0,85.0,0.0,0.0,0.0,0.05,0.0,0.05,0.8,1.2,0.6649625123966941,2.8143388429752068,121,0.0,15.0,0.021577801080906678,0.0,False
20260907T133000Z,2026-09-07T13:30:00Z,2026-09-07T13:30:00Z,0.0,2026-09-07T13:30:00Z,0.0,2026-09-07T13:30:00Z,0.0,1,13,481,0,0,123136,121.67498381400947,0.02886203199159354,0.05132118897745386,0.18758832510025147,1.933378373971209,0.007142007874562314,1012.0075313773932,1980.0,2619.0,449.42,465.20250000000004,42.0,100.0,85.0,0.0,0.0,0.0,0.05,0.0,0.05,0.8,1.2,0.6658917024793388,2.8136748429752068,121,0.0,16.0,0.02238444785028637,0.0,False
20260907T140000Z,2026-09-07T14:00:00Z,2026-09-07T14:00:00Z,0.0,2026-09-07T14:00:00Z,0.0,2026-09-07T14:00:00Z,0.0,1,14,481,0,0,123136,121.66384623898193,0.028312374954111874,0.043710307974833995,0.16525070196261263,1.923785910999868,0.0071383487451456345,1012.100174427548,1980.0,2619.0,449.49,466.4205,43.0,100.0,85.0,0.0,0.0,0.0,0.05,0.0,0.05,0.8,1.2,0.6671834710743803,2.8139604628099173,121,0.0,16.0,0.022182786157941448,0.0,False
20260907T143000Z,2026-09-07T14:30:00Z,2026-09-07T14:30:00Z,0.0,2026-09-07T14:30:00Z,0.0,2026-09-07T14:30:01Z,1.0,1,14,481,0,0,123136,121.68416995398002,0.03052745998138562,0.05939738795859739,0.22275097003734623,1.945986245002132,0.007139899956938975,1011.9311332490417,1980.0,2619.0,449.04999999999995,464.64850000000007,42.0,100.0,85.0,0.0,0.0,0.0,0.0,0.0,0.05,0.8,1.2,0.6680404666666667,2.8364067333333334,120,0.0,18.0,0.026821005081874683,0.0,False
20260907T150000Z,2026-09-07T15:00:00Z,2026-09-07T15:00:00Z,0.0,2026-09-07T15:00:00Z,0.0,2026-09-07T15:00:01Z,1.0,1,15,481,0,0,123136,121.67365965800127,0.028996380977332592,0.05687596701318398,0.20991180705769513,1.9268544830265455,0.007137957760863298,1012.0185449020688,1980.0,2619.0,449.45500000000004,466.20300000000003,43.0,100.0,85.0,0.0,0.0,0.0,0.05,0.0,0.05,0.8,0.8,0.670908,2.8370501333333333,120,0.0,16.0,0.022666774219569197,0.0,False
20260907T153000Z,2026-09-07T15:30:00Z,2026-09-07T15:30:00Z,0.0,2026-09-07T15:30:00Z,0.0,2026-09-07T15:30:01Z,1.0,1,15,481,0,0,123136,121.66587473097024,0.02964193804655224,0.052736791025381535,0.19896311760133895,1.9299770889920183,0.007137214576633757,1012.0833000402168,1980.0,2619.0,449.55,465.847,42.0,100.0,85.0,0.0,0.0,0.0,0.05,0.0,0.05,0.8,2.0,0.6703056,2.8373843333333335,120,0.0,18.0,0.02589336129708797,0.0,False
20260907T160000Z,2026-09-07T16:00:00Z,2026-09-07T16:00:00Z,0.0,2026-09-07T16:00:00Z,0.0,2026-09-07T16:00:01Z,1.0,1,16,481,0,0,123136,121.68759676802438,0.028285540989600122,0.04649217502446845,0.16269911519176197,1.92720207903767,0.007137760925608888,1011.9026365089348,1980.0,2619.0,449.59,465.6825,42.0,100.0,85.0,0.0,0.0,0.0,0.05,0.0,0.05,0.8,1.2,0.6668340495867768,2.813793917355372,121,0.0,16.0,0.02226345083487946,0.0,False
20260907T163000Z,2026-09-07T16:30:00Z,2026-09-07T16:30:00Z,0.0,2026-09-07T16:30:00Z,0.0,2026-09-07T16:30:00Z,0.0,1,16,481,0,0,123136,121.66346948797582,0.03114844096126035,0.056476318975910544,0.20505483961180163,1.9274076640140265,0.007135255894094121,1012.1033085627212,1980.0,2619.0,449.865,466.72400000000005,43.0,100.0,85.0,0.0,0.0,0.0,0.05,0.0,0.1,0.8,1.2,0.669922,2.8376246666666667,120,0.0,18.0,0.02661934338952976,0.0,False
20260907T170000Z,2026-09-07T17:00:00Z,2026-09-07T17:00:00Z,0.0,2026-09-07T17:00:00Z,0.0,2026-09-07T17:00:01Z,1.0,1,17,481,0,0,123136,121.67125466396101,0.02810382901225239,0.042221530980896205,0.13082851157510947,1.9244281649589539,0.007138393462781666,1012.0385487935043,1980.0,2619.0,449.48,466.19550000000004,42.0,100.0,85.0,0.0,0.0,0.0,0.0,0.0,0.05,0.8,0.8,0.6731613333333334,2.8366867333333334,121,0.0,16.0,0.022424780188755378,0.0,False
20260907T173000Z,2026-09-07T17:30:00Z,2026-09-07T17:30:00Z,0.0,2026-09-07T17:30:00Z,0.0,2026-09-07T17:30:01Z,1.0,1,17,481,0,0,123136,121.67097903200192,0.028414250002242625,0.046566323027946055,0.15837717124028483,1.9234621429932304,0.0071356289529278145,1012.0408414533489,1980.0,2619.0,449.145,465.713,42.0,100.0,85.0,0.0,0.0,0.0,0.05,0.0,0.05,0.8,0.8,0.6719798666666666,2.8368493999999997,121,0.0,15.0,0.021819795111720608,0.0,False
20260907T180000Z,2026-09-07T18:00:00Z,2026-09-07T18:00:00Z,0.0,2026-09-07T18:00:00Z,0.0,2026-09-07T18:00:01Z,1.0,1,18,481,0,0,123136,121.6658032439882,0.029683245986234397,0.04614948097150773,0.19990681539114968,1.9266774379648268,0.007138453502043643,1012.083894708388,1980.0,2619.0,448.975,464.7345,42.0,100.0,85.0,0.0,0.0,0.0,0.0,0.0,0.05,0.8,1.2,0.6691012666666667,2.837983133333333,120,0.0,16.0,0.023312091635072973,0.0,False
20260907T183000Z,2026-09-07T18:30:00Z,2026-09-07T18:30:00Z,0.0,2026-09-07T18:30:00Z,0.0,2026-09-07T18:30:01Z,1.0,1,18,481,0,0,123136,121.67384357802803,0.02840682800160721,0.049580623977817595,0.15963218438401333,1.9297767499811016,0.007135122251130787,1012.0170151527622,1980.0,2619.0,449.40999999999997,464.906,42.0,100.0,85.0,0.0,0.0,0.0,0.05,0.0,0.15,0.8,4.0,0.6672132231404958,2.8141849256198346,121,0.0,15.0,0.02202145680406553,0.0,False
20260907T190000Z,2026-09-07T19:00:00Z,2026-09-07T19:00:00Z,0.0,2026-09-07T19:00:00Z,0.0,2026-09-07T19:00:00Z,0.0,1,19,481,0,0,123136,121.67044603300747,0.028132167004514486,0.03991673397831619,0.11877295187018785,1.9221360649680719,0.007139546411824139,1012.0452748779679,1980.0,2619.0,449.25,465.54249999999996,42.0,100.0,85.0,0.0,0.0,0.0,0.0,0.0,0.05,0.8,0.8,0.6727758666666667,2.8366351333333335,121,0.0,15.0,0.0217794627732516,0.0,False
20260907T193000Z,2026-09-07T19:30:00Z,2026-09-07T19:30:00Z,0.0,2026-09-07T19:30:00Z,0.0,2026-09-07T19:30:01Z,1.0,1,19,481,0,0,123136,121.67747314501321,0.02899237902602181,0.04734316602116451,0.1795663135765872,1.924457483983133,0.007138958164746417,1011.9868272843613,1980.0,2619.0,449.83500000000004,464.8175,42.0,100.0,85.0,0.0,0.0,0.0,0.0,0.0,0.05,0.8,1.2,0.6689123333333333,2.836845266666667,120,0.0,16.0,0.022908768250383127,0.0,False
20260907T200000Z,2026-09-07T20:00:00Z,2026-09-07T20:00:00Z,0.0,2026-09-07T20:00:00Z,0.0,2026-09-07T20:00:00Z,0.0,1,20,481,0,0,123136,121.66139484202722,0.028310812020208687,0.04562877700664103,0.17164894479031098,1.9216921629849821,0.007139017109704368,1012.1205675792843,1980.0,2619.0,448.945,464.95950000000005,42.0,100.0,85.0,0.0,0.0,0.0,0.0,0.0,0.05,0.8,0.8,0.6668595702479339,2.813431140495868,121,0.0,16.0,0.022102121481003434,0.0,False
20260907T203000Z,2026-09-07T20:30:00Z,2026-09-07T20:30:00Z,0.0,2026-09-07T20:30:00Z,0.0,2026-09-07T20:30:00Z,0.0,1,20,481,0,0,123136,121.66157498402754,0.0283409429830499,0.04167236801004037,0.15790884767497212,1.9224530659848824,0.007138845450975293,1012.119068951442,1980.0,2619.0,449.315,464.554,42.0,100.0,85.0,0.0,0.0,0.0,0.0,0.0,0.05,0.8,1.2,0.6714726666666666,2.8370532666666666,121,0.0,15.0,0.021577801080906678,0.0,False
20260907T210000Z,2026-09-07T21:00:00Z,2026-09-07T21:00:00Z,0.0,2026-09-07T21:00:00Z,0.0,2026-09-07T21:00:01Z,1.0,1,21,481,0,0,123136,121.67140326200752,0.0306463890010491,0.05313906498486176,0.17943972064234798,1.9314102840144187,0.007139438462635392,1012.037312784489,1980.0,2619.0,448.655,464.85699999999997,42.0,100.0,85.0,0.0,0.0,0.0,0.0,0.0,0.05,0.8,0.8,0.6711844,2.8376968,120,0.0,18.0,0.025933693635556976,0.0,False
20260907T213000Z,2026-09-07T21:30:00Z,2026-09-07T21:30:00Z,0.0,2026-09-07T21:30:00Z,0.0,2026-09-07T21:30:00Z,0.0,1,21,481,0,0,123136,121.66728622105438,0.02828608697745949,0.0418537050136365,0.1365914233313961,1.9254449679865502,0.007137017290098776,1012.071558629796,1980.0,2619.0,449.87,464.12050000000005,43.0,100.0,85.0,0.0,0.0,0.0,0.0,0.0,0.05,0.819999999999999,1.6,0.6642907107438016,2.813885024793388,121,0.0,15.0,0.021819795111720608,0.0,False
20260907T220000Z,2026-09-07T22:00:00Z,2026-09-07T22:00:00Z,0.0,2026-09-07T22:00:00Z,0.0,2026-09-07T22:00:00Z,0.0,1,22,481,0,0,123136,121.67016406200128,0.029233835986815393,0.05524494900600985,0.19451607293761217,1.9337569729541428,0.007140510811643931,1012.0476202962277,1980.0,2619.0,448.83000000000004,464.5825,42.0,100.0,85.0,0.0,0.0,0.0,0.0,0.0,0.05,0.8,1.2,0.6713531333333334,2.837519866666667,120,0.0,18.0,0.025853028958619073,0.0,False
20260907T223000Z,2026-09-07T22:30:00Z,2026-09-07T22:30:00Z,0.0,2026-09-07T22:30:00Z,0.0,2026-09-07T22:30:01Z,1.0,1,22,481,0,0,123136,121.66889028099831,0.029816596012096852,0.06189628201536834,0.2236182658516475,1.9372294549830258,0.00713911013330753,1012.0582156672372,1980.0,2619.0,448.825,464.6555,42.0,100.0,85.0,0.0,0.0,0.0,0.0,0.0,0.05,0.8,0.8,0.6703244666666667,2.8383872666666665,120,0.0,18.0,0.02589336129708797,0.0,False
20260907T230000Z,2026-09-07T23:00:00Z,2026-09-07T23:00:00Z,0.0,2026-09-07T23:00:00Z,0.0,2026-09-07T23:00:01Z,1.0,1,23,481,0,0,123136,121.66662621300202,0.027990025002509356,0.04035245499107987,0.1234616927293932,1.9261868059984408,0.007136292760853893,1012.0770488402098,1980.0,2619.0,459.07,474.7115,51.0,100.0,85.0,0.0,0.0,0.0,0.05,0.0,0.05,0.8,1.2,0.6705274666666666,2.840894533333333,121,0.0,14.0,0.022182786157941448,0.0,False
20260907T233000Z,2026-09-07T23:30:00Z,2026-09-07T23:30:00Z,0.0,2026-09-07T23:30:00Z,0.0,2026-09-07T23:30:01Z,1.0,1,23,481,0,0,123136,121.65922207495896,0.02878131001489237,0.054531179019249976,0.22170539982284962,1.9339719979907386,0.007135397560812314,1012.1386434982392,1980.0,2619.0,454.685,470.791,47.0,100.0,85.0,0.0,0.0,0.0,0.05,0.0024999999999998582,0.05,0.8,1.2,0.6667387333333333,2.8379904666666667,120,0.0,16.0,0.02323142695813507,0.0,False
20260908T000000Z,2026-09-08T00:00:00Z,2026-09-08T00:00:00Z,0.0,2026-09-08T00:00:00Z,0.0,2026-09-08T00:00:01Z,1.0,1,0,481,0,0,123136,121.66002088302048,0.028699884947855026,0.0538108850014396,0.20148016716712583,1.927078867040109,0.007140330309915704,1012.1319978927072,1980.0,2619.0,458.52,475.252,50.0,100.0,85.0,0.0,0.0,0.0,0.0,0.0,0.1,0.8,1.2,0.6653491570247935,2.8138033057851244,120,0.0,16.0,0.02311042994272805,0.0,False
20260908T003000Z,2026-09-08T00:30:00Z,2026-09-08T00:30:00Z,0.0,2026-09-08T00:30:00Z,0.0,2026-09-08T00:30:00Z,0.0,1,0,481,0,0,123136,121.66105889197206,0.02858564304187894,0.04912796604912728,0.17565064217745033,1.922568312031217,0.007137128913674649,1012.1233624091469,1980.0,2619.0,459.095,473.932,51.0,100.0,85.0,0.0,0.0,0.0,0.05,0.0,0.05,0.8,1.2,0.6633416198347107,2.8140224132231406,121,0.0,16.0,0.022303783173348357,0.0,False
20260908T010000Z,2026-09-08T01:00:00Z,2026-09-08T01:00:00Z,0.0,2026-09-08T01:00:00Z,0.0,2026-09-08T01:00:00Z,0.0,1,1,481,0,0,123136,121.6851909540128,0.02926327899331227,0.056699306005612016,0.23476029493123104,1.9256125210085884,0.007139110764689451,1011.9226426372252,1980.0,2619.0,449.51,465.574,42.0,100.0,85.0,0.0,0.0,0.0,0.05,0.0,0.05,0.8,1.2,0.6681231333333333,2.8373126666666666,121,0.0,16.0,0.022182786157941448,0.0,False
20260908T013000Z,2026-09-08T01:30:00Z,2026-09-08T01:30:00Z,0.0,2026-09-08T01:30:00Z,0.0,2026-09-08T01:30:01Z,1.0,1,1,481,0,0,123136,121.66399541305145,0.029733340023085475,0.06998465699143708,0.2549878449041126,1.9421896940330043,0.00713812753708814,1012.0989334761781,1980.0,2619.0,460.09000000000003,475.223,52.0,100.0,85.0,0.0,0.0,0.0,0.0,0.0,0.05,0.8,1.2,0.6662465333333333,2.837598,120,0.0,16.0,0.02323142695813507,0.0,False
20260908T020000Z,2026-09-08T02:00:00Z,2026-09-08T02:00:00Z,0.0,2026-09-08T02:00:00Z,0.0,2026-09-08T02:00:01Z,1.0,1,2,481,0,0,123136,121.66880412801402,0.028617968957405537,0.04726621200097725,0.15699023207698964,1.923274690983817,0.007138466250890975,1012.058932299871,1980.0,2619.0,458.2,474.402,50.0,100.0,85.0,0.0,0.0,0.0,0.05,0.0,0.1,0.8,1.6,0.6674133553719008,2.813779834710744,120,0.0,16.0,0.0226264418811003,0.0,False
20260908T023000Z,2026-09-08T02:30:00Z,2026-09-08T02:30:00Z,0.0,2026-09-08T02:30:00Z,0.0,2026-09-08T02:30:00Z,0.0,1,2,481,0,0,123136,121.66771094099386,0.028719558962620795,0.04455245303688571,0.15142748910764361,1.922937863972038,0.007136674564760909,1012.0680256713158,1980.0,2619.0,458.37,472.70700000000005,50.05,100.0,85.0,0.0,0.0,0.0,0.05,0.0,0.05,0.8,2.0,0.6657191404958678,2.8142548099173554,120,0.0,16.0,0.022707106558038204,0.0,False
20260908T030000Z,2026-09-08T03:00:00Z,2026-09-08T03:00:00Z,0.0,2026-09-08T03:00:00Z,0.0,2026-09-08T03:00:01Z,1.0,1,3,481,0,0,123136,121.67409840098117,0.030617194017395377,0.058804077038075775,0.2197514678310778,1.936296739964746,0.007139347066564084,1012.0148956781343,1980.0,2619.0,448.615,464.74949999999995,42.0,100.0,85.0,0.0,0.0,0.0,0.05,0.0,0.05,0.8,0.8,0.6688782,2.837077466666667,120,0.0,18.0,0.026175687666370906,0.0,False
20260908T033000Z,2026-09-08T03:30:00Z,2026-09-08T03:30:00Z,0.0,2026-09-08T03:30:00Z,0.0,2026-09-08T03:30:01Z,1.0,1,3,481,0,0,123136,121.69853859802242,0.02901482698507607,0.056476483994629234,0.1992458362257019,1.929687957977876,0.007138621274555358,1011.8116570546964,1980.0,2619.0,456.11,471.323,49.0,100.0,85.0,0.0,0.0,0.0,0.05,0.0,0.05,0.8,1.6,0.670764,2.8379578,120,0.0,16.0,0.0226264418811003,0.0,False
20260908T040000Z,2026-09-08T04:00:00Z,2026-09-08T04:00:00Z,0.0,2026-09-08T04:00:00Z,0.0,2026-09-08T04:00:00Z,0.0,1,4,481,0,0,123136,121.66603126795962,0.03013070800807327,0.051481781993061304,0.19502618990906564,1.9278896249597892,0.007141816007959492,1012.0819978815853,1980.0,2619.0,450.865,466.5985,44.0,100.0,85.0,0.0,0.0,0.0,0.0,0.0,0.1,0.8,1.2,0.6603402314049587,2.8135935867768596,120,0.0,18.0,0.02589336129708797,0.0,False
20260908T043000Z,2026-09-08T04:30:00Z,2026-09-08T04:30:00Z,0.0,2026-09-08T04:30:00Z,0.0,2026-09-08T04:30:01Z,1.0,1,4,481,0,0,123136,121.676169732993,0.028017990000080317,0.039576245995704085,0.12079169880119818,1.9221269670524634,0.007144851505975513,1011.9976678277304,1980.0,2619.0,460.51,477.04949999999997,52.0,100.0,85.0,0.0,0.0,0.0,0.05,0.0,0.05,0.8,1.2,0.6731193333333334,2.837673533333333,121,0.0,15.0,0.0217794627732516,0.0,False
20260908T050000Z,2026-09-08T05:00:00Z,2026-09-08T05:00:00Z,0.0,2026-09-08T05:00:00Z,0.0,2026-09-08T05:00:00Z,0.0,2,5,481,0,0,123136,121.6870678870473,0.028578031982760876,0.04476775694638491,0.1511053371682348,1.9272331180400215,0.007145975164694748,1011.9070344787798,1980.0,2619.0,458.405,473.98099999999994,50.0,100.0,85.0,0.0,0.0,0.0,0.0,0.0,0.05,0.8,1.2,0.6699667333333332,2.837847866666667,121,0.0,15.0,0.021577801080906678,0.0,False
20260908T053000Z,2026-09-08T05:30:00Z,2026-09-08T05:30:00Z,0.0,2026-09-08T05:30:00Z,0.0,2026-09-08T05:30:00Z,0.0,2,5,481,0,0,123136,121.66730385494884,0.028460823989007622,0.045198053994681686,0.17348983784547156,1.923915022984147,0.0071439958508491665,1012.0714119448404,1980.0,2619.0,458.095,473.7015,50.0,100.0,85.0,0.0,0.0,0.0,0.05,0.0,0.1,0.8,2.0,0.6648111074380165,2.817199338842975,121,0.0,15.0,0.021739130434782594,0.0,False
20260908T060000Z,2026-09-08T06:00:00Z,2026-09-08T06:00:00Z,0.0,2026-09-08T06:00:00Z,0.0,2026-09-08T06:00:00Z,0.0,2,6,481,0,0,123136,121.67993985803332,0.030040982004720718,0.060880030039697886,0.24230195888010142,1.9333884689840488,0.007135658819621027,1011.9663121436902,1980.0,2619.0,449.445,464.2315,43.0,100.0,85.0,0.0,0.0,0.0,0.0,0.0,0.05,0.8,1.2,0.6652433333333334,2.8368724666666667,120,0.0,18.0,0.026538678712591746,0.0,False
20260908T063000Z,2026-09-08T06:30:00Z,2026-09-08T06:30:00Z,0.0,2026-09-08T06:30:00Z,0.0,2026-09-08T06:30:01Z,1.0,2,6,481,0,0,123136,121.66921730001923,0.028532813012134284,0.04605848202481866,0.16409331788197154,1.9219392910017632,0.00713962189414922,1012.0554954862896,1980.0,2619.0,449.725,463.5005,43.0,100.0,85.0,0.0,0.0,0.0,0.0,0.0,0.05,0.8,1.2,0.6720918666666666,2.8369258,120,0.0,16.0,0.02335242397354198,0.0,False
20260908T070000Z,2026-09-08T07:00:00Z,2026-09-08T07:00:00Z,0.0,2026-09-08T07:00:00Z,0.0,2026-09-08T07:00:01Z,1.0,2,7,481,0,0,123136,121.66199480800424,0.02832159399986267,0.047636260045692325,0.15093577891510915,1.9234421970322728,0.007136729807711626,1012.1155763911474,1980.0,2619.0,449.22,466.081,42.0,100.0,85.0,0.0,0.0,0.0,0.05,0.0,0.05,0.8,1.2,0.672372,2.836881533333333,121,0.0,15.0,0.021577801080906678,0.0,False
20260908T073000Z,2026-09-08T07:30:00Z,2026-09-08T07:30:00Z,0.0,2026-09-08T07:30:00Z,0.0,2026-09-08T07:30:01Z,1.0,2,7,481,0,0,123136,121.67237131501315,0.028436310996767133,0.051863190019503236,0.18761329690405867,1.9260045169503428,0.007144215968711411,1012.0292607858975,1980.0,2619.0,458.235,473.63399999999996,50.0,100.0,85.0,0.0,0.0,0.0,0.0,0.0,0.05,0.8,0.8,0.6646725950413223,2.8129937851239672,121,0.0,15.0,0.023392756312010987,0.0,False
20260908T080000Z,2026-09-08T08:00:00Z,2026-09-08T08:00:00Z,0.0,2026-09-08T08:00:00Z,0.0,2026-09-08T08:00:00Z,0.0,2,8,481,0,0,123136,121.66875340801198,0.028945254045538604,0.062044318998232484,0.23625857851047583,1.9331343090161681,0.007143367376571119,1012.0593541964522,1980.0,2619.0,458.96000000000004,474.84749999999997,51.0,100.0,85.0,0.0,0.0,0.0,0.0,0.0,0.1,0.8,1.2,0.6634171239669422,2.8138949421487602,120,0.0,16.0,0.022586109542631294,0.0,False
20260908T083000Z,2026-09-08T08:30:00Z,2026-09-08T08:30:00Z,0.0,2026-09-08T08:30:00Z,0.0,2026-09-08T08:30:01Z,1.0,2,8,481,0,0,123136,121.67583987599937,0.030004270956851542,0.07294850097969174,0.2802926284261619,1.949542050017044,0.007143866992099028,1012.0004113017727,1980.0,2619.0,458.095,474.44449999999995,50.0,100.0,85.0,0.0,0.0,0.0,0.0,0.0,0.05,0.8,1.2,0.6660115333333333,2.8370428,120,0.0,18.0,0.026216020004839913,0.0,False
20260908T090000Z,2026-09-08T09:00:00Z,2026-09-08T09:00:00Z,0.0,2026-09-08T09:00:00Z,0.0,2026-09-08T09:00:01Z,1.0,2,9,481,0,0,123136,121.67015314899618,0.028351325017865747,0.0447482870076783,0.14857662604786695,1.9299761740257964,0.0071447762197303566,1012.0477110701813,1980.0,2619.0,457.37,474.03299999999996,50.0,100.0,85.0,0.0,0.0,0.05,0.05,0.0,0.05,0.8,2.0,0.6716198000000001,2.8369966,121,0.0,16.0,0.022102121481003434,0.0,False
20260908T093000Z,2026-09-08T09:30:00Z,2026-09-08T09:30:00Z,0.0,2026-09-08T09:30:00Z,0.0,2026-09-08T09:30:01Z,1.0,2,9,481,0,0,123136,121.6695190279861,0.028477528016082942,0.0498298000311479,0.16096893674488627,1.9268877880531363,0.00714464958040409,1012.0529856921403,1980.0,2619.0,458.5,474.6435,51.0,100.0,85.0,0.0,0.0,0.0,0.05,0.0,0.05,0.8,1.2,0.6733238666666667,2.836954,121,0.0,16.0,0.02214245381947244,0.0,False
20260908T100000Z,2026-09-08T10:00:00Z,2026-09-08T10:00:00Z,0.0,2026-09-08T10:00:00Z,0.0,2026-09-08T10:00:01Z,1.0,2,10,481,0,0,123136,121.68645613297122,0.028695508022792637,0.05550530401524156,0.1806705612254663,1.9262190000154078,0.007138296188193136,1011.9121216369783,1980.0,2619.0,449.79499999999996,466.066,43.0,100.0,85.0,0.0,0.0,0.0,0.0,0.0,0.05,0.8,0.8,0.6726283333333334,2.836987933333333,121,0.0,16.0,0.022586109542631294,0.0,False
20260908T103000Z,2026-09-08T10:30:00Z,2026-09-08T10:30:00Z,0.0,2026-09-08T10:30:00Z,0.0,2026-09-08T10:30:01Z,1.0,2,10,481,0,0,123136,121.69164864200866,0.028958017996046692,0.05932320299325511,0.20518448019922583,1.9241864759824239,0.007137176760828451,1011.868943958844,1980.0,2619.0,449.40999999999997,464.94350000000003,42.0,100.0,85.0,0.0,0.0,0.0,0.05,0.0,0.05,0.8,1.2,0.6650685619834711,2.8147578842975207,120,0.0,16.0,0.022666774219569197,0.0,False
20260908T110000Z,2026-09-08T11:00:00Z,2026-09-08T11:00:00Z,0.0,2026-09-08T11:00:00Z,0.0,2026-09-08T11:00:00Z,0.0,2,11,481,0,0,123136,121.66039671801263,0.028348292980808765,0.04177445301320404,0.14986205551641568,1.9220907209673896,0.007136274894069442,1012.1288712004413,1980.0,2619.0,449.73,465.512,42.0,100.0,85.0,0.0,0.0,0.0,0.05,0.0,0.05,0.8,1.2,0.6641451900826446,2.8131822809917355,121,0.0,15.0,0.023191094619666064,0.0,False
20260908T113000Z,2026-09-08T11:30:00Z,2026-09-08T11:30:00Z,0.0,2026-09-08T11:30:00Z,0.0,2026-09-08T11:30:01Z,1.0,2,11,481,0,0,123136,121.662176982034,0.028684778953902423,0.04875989002175629,0.16785967628852438,1.9225493400008418,0.0071374431138346885,1012.1140608735255,1980.0,2619.0,449.28999999999996,465.8715,42.0,100.0,85.0,0.0,0.0,0.0,0.05,0.0,0.05,0.8,1.2,0.6698423333333333,2.837822933333333,120,0.0,16.0,0.022586109542631294,0.0,False
20260908T120000Z,2026-09-08T12:00:00Z,2026-09-08T12:00:00Z,0.0,2026-09-08T12:00:00Z,0.0,2026-09-08T12:00:01Z,1.0,2,12,481,0,0,123136,121.68798983102897,0.030913273978512734,0.07495238102274016,0.2579525918561578,1.9317191480076872,0.007144251345273326,1011.8993679736323,1980.0,2619.0,449.565,464.361,42.0,100.0,85.0,0.0,0.0,0.0,0.05,0.0,0.05,0.8,1.2,0.6692544666666667,2.837452,120,0.0,18.0,0.0270629991126885,0.0,False
20260908T123000Z,2026-09-08T12:30:00Z,2026-09-08T12:30:00Z,0.0,2026-09-08T12:30:00Z,0.0,2026-09-08T12:30:01Z,1.0,2,12,481,0,0,123136,121.66382969298866,0.031028574041556567,0.06750310404459015,0.25694217612695974,1.9333467549877241,0.007139563886220475,1012.1003120707796,1980.0,2619.0,449.21500000000003,466.1865,42.0,100.0,85.0,0.0,0.0,0.0,0.05,0.0,0.05,0.8,1.2,0.6649498,2.8382008666666665,120,0.0,18.0,0.02686133742034358,0.0,False
20260908T130000Z,2026-09-08T13:00:00Z,2026-09-08T13:00:00Z,0.0,2026-09-08T13:00:00Z,0.0,2026-09-08T13:00:01Z,1.0,2,13,481,0,0,123136,121.67002125200815,0.029185989988036454,0.05311569897457957,0.20022430010938572,1.931391152960714,0.007145291713851632,1012.0488081855057,1980.0,2619.0,456.93,473.35,50.0,100.0,85.0,0.0,0.0,0.0,0.0,0.0,0.05,0.8,1.2,0.672388,2.8382576666666663,120,0.0,16.0,0.023029765265790147,0.0,False
20260908T133000Z,2026-09-08T13:30:00Z,2026-09-08T13:30:00Z,0.0,2026-09-08T13:30:00Z,0.0,2026-09-08T13:30:00Z,0.0,2,13,481,0,0,123136,121.70406837400515,0.02930756297428161,0.0558263499988243,0.20875730081591104,1.9348882010090165,0.007140896050944267,1011.7656841314,1980.0,2619.0,449.355,464.15000000000003,42.0,100.0,85.0,0.0,0.0,0.0,0.0,0.0,0.05,0.8,1.2,0.6636587107438017,2.8163465785123964,120,0.0,16.0,0.023312091635072973,0.0,False
20260908T140000Z,2026-09-08T14:00:00Z,2026-09-08T14:00:00Z,0.0,2026-09-08T14:00:00Z,0.0,2026-09-08T14:00:00Z,0.0,2,14,481,0,0,123136,121.6631453440059,0.028690778999589384,0.04920898098498583,0.15857877464673584,1.9232186820008792,0.007136618584284888,1012.1060050833764,1980.0,2619.0,449.495,465.682,42.0,100.0,85.0,0.0,0.0,0.0,0.0,0.0,0.05,0.8,1.2,0.6697718666666667,2.839067733333333,121,0.0,16.0,0.02250544486569328,0.0,False
20260908T143000Z,2026-09-08T14:30:00Z,2026-09-08T14:30:00Z,0.0,2026-09-08T14:30:00Z,0.0,2026-09-08T14:30:01Z,1.0,2,14,481,0,0,123136,121.67212151602143,0.028858442965429276,0.05263493402162567,0.20143010809399084,1.927650285011623,0.007138864399965706,1012.031338532926,1980.0,2619.0,449.99,464.9765,43.0,100.0,85.0,0.0,0.0,0.0,0.0,0.0,0.05,0.8,1.2,0.6673973333333334,2.8384541333333333,120,0.0,16.0,0.023271759296603967,0.0,False
20260908T150000Z,2026-09-08T15:00:00Z,2026-09-08T15:00:00Z,0.0,2026-09-08T15:00:00Z,0.0,2026-09-08T15:00:01Z,1.0,2,15,481,0,0,123136,121.67117771500489,0.028549463022500277,0.04587049101246521,0.15423471030772973,1.9260484800324775,0.007138077325333714,1012.0391888408134,1980.0,2619.0,450.425,465.508,43.0,100.0,85.0,0.0,0.0,0.0,0.0,0.0,0.1,0.8,1.2,0.6719404,2.8394137333333336,121,0.0,16.0,0.022102121481003434,0.0,False
20260908T153000Z,2026-09-08T15:30:00Z,2026-09-08T15:30:00Z,0.0,2026-09-08T15:30:00Z,0.0,2026-09-08T15:30:00Z,0.0,2,15,481,0,0,123136,121.69391270796768,0.03158316598273814,0.07338294596411288,0.27366867089782493,1.944951095036231,0.0071421691647949904,1011.8501185469559,1980.0,2619.0,450.07,466.337,43.0,100.0,85.0,0.0,0.0,0.0,0.05,0.0,0.05,0.8,1.2,0.6587326280991735,2.8162597685950415,120,0.0,17.0,0.02601435831249499,0.0,False
20260908T160000Z,2026-09-08T16:00:00Z,2026-09-08T16:00:00Z,0.0,2026-09-08T16:00:00Z,0.0,2026-09-08T16:00:01Z,1.0,2,16,481,0,0,123136,121.66499081801157,0.029088817012961954,0.05783750599948689,0.22017945615975895,1.934222823008895,0.007138390831567128,1012.0906529651475,1980.0,2619.0,450.01,464.8215,43.0,100.0,85.0,0.0,0.0,0.0,0.0,0.0,0.05,0.8,1.21,0.6715414000000001,2.8389344,120,0.0,16.0,0.02274743889650721,0.0,False
20260908T163000Z,2026-09-08T16:30:00Z,2026-09-08T16:30:00Z,0.0,2026-09-08T16:30:00Z,0.0,2026-09-08T16:30:01Z,1.0,2,16,481,0,0,123136,121.66615101398202,0.0293772509903647,0.05927577102556825,0.21354245249239395,1.9339289870113134,0.007140939141048447,1012.0810017722108,1980.0,2619.0,449.725,465.071,43.0,100.0,85.0,0.0,0.0,0.0,0.05,0.0,0.05,0.8,1.2,0.6715766666666666,2.838549866666667,120,0.0,16.0,0.02274743889650721,0.0,False
20260908T170000Z,2026-09-08T17:00:00Z,2026-09-08T17:00:00Z,0.0,2026-09-08T17:00:00Z,0.0,2026-09-08T17:00:01Z,1.0,2,17,481,0,0,123136,121.66650820500217,0.02927695499965921,0.05111333599779755,0.19057452183399065,1.924153701053001,0.0071410417803289255,1012.0780304841313,1980.0,2619.0,452.885,468.6365,46.0,100.0,85.0,0.0,0.0,0.0,0.0,0.0,0.05,0.8,1.2,0.6715634666666667,2.8388012000000002,120,0.0,16.0,0.02311042994272805,0.0,False
20260908T173000Z,2026-09-08T17:30:00Z,2026-09-08T17:30:00Z,0.0,2026-09-08T17:30:00Z,0.0,2026-09-08T17:30:00Z,0.0,2,17,481,0,0,123136,121.66679831402143,0.029295457003172487,0.06663726596161723,0.23759948018851135,1.9383414519834332,0.007141815251031635,1012.0756172294973,1980.0,2619.0,458.94,474.724,50.0,100.0,85.0,0.0,0.0,0.0,0.0,0.0,0.05,0.8,1.2,0.660823867768595,2.815023140495868,120,0.0,16.0,0.023070097604259043,0.0,False
20260908T180000Z,2026-09-08T18:00:00Z,2026-09-08T18:00:00Z,0.0,2026-09-08T18:00:00Z,0.0,2026-09-08T18:00:01Z,1.0,2,18,481,0,0,123136,121.66703724500258,0.033135292993392795,0.07702305301791057,0.2937546577251253,1.9379711810033768,0.007141768117663542,1012.0736297049739,1980.0,2619.0,450.075,466.27349999999996,43.0,100.0,85.0,0.0,0.0,0.0,0.05,0.0,0.05,0.8,1.2,0.6595763333333333,2.8394873333333335,120,0.0,15.0,0.022908768250383127,0.0,False
20260908T183000Z,2026-09-08T18:30:00Z,2026-09-08T18:30:00Z,0.0,2026-09-08T18:30:00Z,0.0,2026-09-08T18:30:01Z,1.0,2,18,481,0,0,123136,121.66877770097926,0.02938917197752744,0.056743604014627635,0.21594193999531971,1.9309868690324947,0.007140512396033634,1012.0591521238644,1980.0,2619.0,457.95,474.92449999999997,50.0,100.0,85.0,0.0,0.0,0.0,0.0,0.0024999999999998582,0.1,0.8,2.8,0.6700597333333332,2.8389127333333333,120,0.0,16.0,0.02323142695813507,0.0,False
20260908T190000Z,2026-09-08T19:00:00Z,2026-09-08T19:00:00Z,0.0,2026-09-08T19:00:00Z,0.0,2026-09-08T19:00:01Z,1.0,2,19,481,0,0,123136,121.6699236020213,0.03302523901220411,0.08205201500095427,0.38224672076985683,1.9418818600242957,0.007148033431411593,1012.049620436799,1980.0,2619.0,458.275,474.27250000000004,50.0,100.0,85.0,0.0,0.0,0.0,0.0,0.0,0.05,0.8,1.2,0.6473058512396693,2.8120277024793388,120,0.0,15.0,0.023513753327417897,0.0,False
20260908T193000Z,2026-09-08T19:30:00Z,2026-09-08T19:30:00Z,0.0,2026-09-08T19:30:00Z,0.0,2026-09-08T19:30:00Z,0.0,2,19,481,0,0,123136,121.66215302498313,0.029930538032203913,0.055347585992421955,0.1898904421605149,1.9260750090470538,0.007142582152942743,1012.1142601735334,1980.0,2619.0,458.03,473.28,50.0,100.0,85.0,0.0,0.0,0.0,0.0,0.0,0.05,1.2,1.6,0.6644081983471074,2.815952991735537,120,0.0,18.0,0.026095022989432892,0.0,False
20260908T200000Z,2026-09-08T20:00:00Z,2026-09-08T20:00:00Z,0.0,2026-09-08T20:00:00Z,0.0,2026-09-08T20:00:00Z,0.0,2,20,481,0,0,123136,121.67114031600067,0.03260052698897198,0.08682617003796622,0.30787375897684943,1.9487267300137319,0.007146371721618754,1012.039499919166,1980.0,2619.0,458.15999999999997,474.17850000000004,50.0,100.0,85.0,0.0,0.0,0.0,0.0,0.0,0.05,0.8,1.2,0.6589533333333334,2.839017933333333,120,0.0,15.0,0.022908768250383127,0.0,False
20260908T203000Z,2026-09-08T20:30:00Z,2026-09-08T20:30:00Z,0.0,2026-09-08T20:30:00Z,0.0,2026-09-08T20:30:01Z,1.0,2,20,481,0,0,123136,121.66943325102329,0.029203136975411326,0.061286684998776764,0.21465358388077144,1.9303170310449786,0.007136059631182648,1012.053699189598,1980.0,2619.0,449.81,464.85249999999996,42.0,100.0,85.0,0.0,0.0,0.0,0.0,0.0,0.05,0.8,0.8,0.6706206,2.839545066666667,120,0.0,18.0,0.025691699604743046,0.0,False
20260908T210000Z,2026-09-08T21:00:00Z,2026-09-08T21:00:00Z,0.0,2026-09-08T21:00:00Z,0.0,2026-09-08T21:00:01Z,1.0,2,21,481,0,0,123136,121.6666975140106,0.029925660986918956,0.06772958202054724,0.25111788966106124,1.938003695977386,0.0071372030236685246,1012.0764557270917,1980.0,2619.0,449.755,465.6035,43.0,100.0,85.0,0.0,0.0,0.0,0.0,0.0,0.05,0.8,1.2,0.6621725619834711,2.8160566611570252,120,0.0,18.0,0.026054690650963996,0.0,False
20260908T213000Z,2026-09-08T21:30:00Z,2026-09-08T21:30:00Z,0.0,2026-09-08T21:30:00Z,0.0,2026-09-08T21:30:00Z,0.0,2,21,481,0,0,123136,121.66229955502786,0.031329596997238696,0.06558052904438227,0.27299421598769724,1.9353142029722221,0.0071322278941378875,1012.1130411833584,1980.0,2619.0,449.28,465.5895,42.0,100.0,85.0,0.0,0.0,0.0,0.05,0.0,0.05,0.8,0.8,0.661012958677686,2.8154,120,0.0,18.0,0.02661934338952976,0.0,False
20260908T220000Z,2026-09-08T22:00:00Z,2026-09-08T22:00:00Z,0.0,2026-09-08T22:00:00Z,0.0,2026-09-08T22:00:01Z,1.0,2,22,481,0,0,123136,121.66590012499364,0.03110893798293546,0.07173605496063828,0.25515595884481684,1.936538526962977,0.007146730497890316,1012.0830887988833,1980.0,2619.0,449.415,465.75100000000003,42.0,100.0,85.0,0.0,0.0,0.0,0.0,0.0,0.05,0.8,1.2,0.666566,2.8400193333333337,120,0.0,18.0,0.02661934338952976,0.0,False
20260908T223000Z,2026-09-08T22:30:00Z,2026-09-08T22:30:00Z,0.0,2026-09-08T22:30:00Z,0.0,2026-09-08T22:30:01Z,1.0,2,22,481,0,0,123136,121.69084446004126,0.031217226991429925,0.0671819870476611,0.24436215472834522,1.943382551020477,0.007142728086168349,1011.8756307951604,1980.0,2619.0,450.20000000000005,464.97799999999995,42.0,100.0,85.0,0.0,0.0,0.0,0.0,0.0,0.05,0.8,1.2,0.6670654,2.839189066666667,120,0.0,18.0,0.026700008066467662,0.0,False
20260908T230000Z,2026-09-08T23:00:00Z,2026-09-08T23:00:00Z,0.0,2026-09-08T23:00:00Z,0.0,2026-09-08T23:00:01Z,1.0,2,23,481,0,0,123136,121.69202368299011,0.028900377044919878,0.05551936401752755,0.21887509167081845,1.931950946978759,0.007141049548883137,1011.8658254938013,1980.0,2619.0,449.365,465.6835,42.0,100.0,85.0,0.0,0.0,0.0,0.05,0.0,0.05,0.8,1.2,0.6691041333333333,2.8392931333333333,120,0.0,18.0,0.025812696620150066,0.0,False
20260908T233000Z,2026-09-08T23:30:00Z,2026-09-08T23:30:00Z,0.0,2026-09-08T23:30:00Z,0.0,2026-09-08T23:30:01Z,1.0,2,23,481,0,0,123136,121.67243175895419,0.028166998003143817,0.04256134998286143,0.15327018458631544,1.926510990015231,0.007136697007808834,1012.0287580340738,1980.0,2619.0,449.275,465.9105,42.0,100.0,85.0,0.0,0.0,0.0,0.05,0.0,0.05,0.8,1.2,0.6733988666666667,2.8393843999999997,121,0.0,16.0,0.02238444785028637,0.0,False
20260909T000000Z,2026-09-09T00:00:00Z,2026-09-09T00:00:00Z,0.0,2026-09-09T00:00:00Z,0.0,2026-09-09T00:00:01Z,1.0,2,0,481,0,0,123136,121.66823709697928,0.029321403009817004,0.06175209704088047,0.22891345632716018,1.9330419839825481,0.007139816015557039,1012.0636489690468,1980.0,2619.0,449.39,463.7225,42.0,100.0,85.0,0.0,0.0,0.0,0.05,0.0,0.05,0.8,1.2,0.6653633719008265,2.816879338842975,120,0.0,16.0,0.023312091635072973,0.0,False
20260909T003000Z,2026-09-09T00:30:00Z,2026-09-09T00:30:00Z,0.0,2026-09-09T00:30:00Z,0.0,2026-09-09T00:30:00Z,0.0,2,0,481,0,0,123136,121.66644553298829,0.028131957980804145,0.04327065695542842,0.14332342135246584,1.926171219034586,0.007136813835149594,1012.0785518190655,1980.0,2619.0,456.70500000000004,470.8495,50.0,100.0,85.0,0.0,0.0,0.0,0.0,0.0,0.05,0.8,1.6,0.6654928925619834,2.8154341157024794,121,0.0,15.0,0.02165846575784469,0.0,False
20260909T010000Z,2026-09-09T01:00:00Z,2026-09-09T01:00:00Z,0.0,2026-09-09T01:00:00Z,0.0,2026-09-09T01:00:01Z,1.0,2,1,481,0,0,123136,121.66340878902702,0.028544754022732377,0.05362512404099107,0.17858658855536866,1.9228761569829658,0.00713890511770824,1012.1038135099976,1980.0,2619.0,458.455,474.84,50.0,100.0,85.0,0.0,0.0,0.0,0.0,0.0,0.1,0.8,1.2,0.6694562666666667,2.8387616666666666,121,0.0,15.0,0.021577801080906678,0.0,False
20260909T013000Z,2026-09-09T01:30:00Z,2026-09-09T01:30:00Z,0.0,2026-09-09T01:30:00Z,0.0,2026-09-09T01:30:01Z,1.0,2,1,481,0,0,123136,121.66717228200287,0.028114511049352586,0.043172336008865386,0.14854319821686301,1.9255494669778273,0.007139719349067366,1012.0725064160499,1980.0,2619.0,448.98,465.4675,42.0,100.0,85.0,0.0,0.0,0.0,0.0,0.0,0.05,0.8,1.2,0.6710685333333333,2.8390376666666666,121,0.0,14.0,0.022223118496410454,0.0,False
20260909T020000Z,2026-09-09T02:00:00Z,2026-09-09T02:00:00Z,0.0,2026-09-09T02:00:00Z,0.0,2026-09-09T02:00:01Z,1.0,2,2,481,0,0,123136,121.66138053400209,0.027924737019930035,0.03751931700389832,0.12403818319916832,1.9226850919658318,0.007136649039217874,1012.1206866100437,1980.0,2619.0,449.645,465.76050000000004,42.0,100.0,85.0,0.0,0.0,0.0,0.0,0.0,0.05,0.8,1.2,0.6710770666666667,2.8396090666666667,121,0.0,15.0,0.021819795111720608,0.0,False
20260909T023000Z,2026-09-09T02:30:00Z,2026-09-09T02:30:00Z,0.0,2026-09-09T02:30:00Z,0.0,2026-09-09T02:30:01Z,1.0,2,2,481,0,0,123136,121.65973392600426,0.0281953850062564,0.037105710012838244,0.12350632243231248,1.922480458044447,0.00713684125118615,1012.1343851934907,1980.0,2619.0,449.45500000000004,465.237,42.0,100.0,85.0,0.0,0.0,0.0,0.05,0.0,0.05,0.8,0.8,0.6697161333333334,2.8380736,121,0.0,14.0,0.022182786157941448,0.0,False
20260909T030000Z,2026-09-09T03:00:00Z,2026-09-09T03:00:00Z,0.0,2026-09-09T03:00:00Z,0.0,2026-09-09T03:00:01Z,1.0,2,3,481,0,0,123136,121.6912548620021,0.02867231797426939,0.05805110599612817,0.20367930027190748,1.9271737350500189,0.0071369082783348855,1011.872218259531,1980.0,2619.0,449.835,465.8805,43.0,100.0,85.0,0.0,0.0,0.0,0.0,0.0,0.05,0.8,1.2,0.6698884666666667,2.8380226666666664,121,0.0,16.0,0.022586109542631294,0.0,False
20260909T033000Z,2026-09-09T03:30:00Z,2026-09-09T03:30:00Z,0.0,2026-09-09T03:30:00Z,0.0,2026-09-09T03:30:01Z,1.0,2,3,481,0,0,123136,121.66402914602077,0.028364344034343958,0.04675882204901427,0.15263118656861147,1.9229952020104975,0.007135883313558046,1012.0986528582954,1980.0,2619.0,449.45,466.48550000000006,43.0,100.0,85.0,0.0,0.0,0.0,0.0,0.0,0.05,0.8,1.2,0.6701398000000001,2.8382854666666666,121,0.0,16.0,0.022102121481003434,0.0,False
20260909T040000Z,2026-09-09T04:00:00Z,2026-09-09T04:00:00Z,0.0,2026-09-09T04:00:00Z,0.0,2026-09-09T04:00:01Z,1.0,2,4,481,0,0,123136,121.65969056100585,0.028323725040536374,0.04320726002333686,0.14733566389583036,1.9284725309698842,0.007137790384391943,1012.134745963815,1980.0,2619.0,449.35,465.9095,42.0,100.0,85.0,0.0,0.0,0.0,0.05,0.0,0.15,0.8,2.8,0.6694750666666667,2.8384398666666666,121,0.0,15.0,0.021456804065499768,0.0,False
20260909T043000Z,2026-09-09T04:30:00Z,2026-09-09T04:30:00Z,0.0,2026-09-09T04:30:00Z,0.0,2026-09-09T04:30:01Z,1.0,2,4,481,0,0,123136,121.6612026860239,0.028019431978464127,0.04051666602026671,1.5307456956479868,1.9214551160112023,0.007141000537347852,1012.1221661582795,1980.0,2619.0,449.42499999999995,464.015,42.0,100.0,85.0,0.0,0.0,0.0,0.0,0.0,0.1,0.8,3.2,0.6708708666666667,2.83886,121,0.0,14.0,0.022182786157941448,0.0,False
20260909T050000Z,2026-09-09T05:00:00Z,2026-09-09T05:00:00Z,0.0,2026-09-09T05:00:00Z,0.0,2026-09-09T05:00:01Z,1.0,3,5,481,0,0,123136,121.66802288900362,0.027884164999704808,0.039079209964256734,0.12368594801272645,1.9209095619735308,0.007140948960794976,1012.0654308021064,1980.0,2619.0,457.82,473.305,50.0,100.0,85.0,0.0,0.0,0.0,0.0,0.0,0.15,1.2,2.8,0.6730553333333333,2.8384606,121,0.0,15.0,0.021940792127127517,0.0,False
20260909T053000Z,2026-09-09T05:30:00Z,2026-09-09T05:30:00Z,0.0,2026-09-09T05:30:00Z,0.0,2026-09-09T05:30:00Z,0.0,3,5,481,0,0,123136,121.66446931101382,0.028249634022358805,0.04815735499141738,0.16948934528347315,1.9260101889958605,0.007140981070651655,1012.0949912272619,1980.0,2619.0,458.355,474.06449999999995,50.0,100.0,85.0,0.0,0.0,0.0,0.05,0.0,0.05,0.8,1.2,0.6684400661157025,2.815584,121,0.0,15.0,0.021577801080906678,0.0,False
20260909T060000Z,2026-09-09T06:00:00Z,2026-09-09T06:00:00Z,0.0,2026-09-09T06:00:00Z,0.0,2026-09-09T06:00:00Z,0.0,3,6,481,0,0,123136,121.69225420599105,0.02837637299671769,0.05118086299626157,0.19397980422574604,1.923196529969573,0.007137081760904003,1011.8639087050282,1980.0,2619.0,449.12,464.59299999999996,42.0,100.0,85.0,0.0,0.0,0.0,0.05,0.0,0.05,0.8,1.2,0.664730909090909,2.815054347107438,121,0.0,16.0,0.022223118496410454,0.0,False
20260909T063000Z,2026-09-09T06:30:00Z,2026-09-09T06:30:00Z,0.0,2026-09-09T06:30:00Z,0.0,2026-09-09T06:30:01Z,1.0,3,6,481,0,0,123136,121.66569020302268,0.027586858021095395,0.03783972800010815,0.11321551217989273,1.9213897250010632,0.007137290572555845,1012.0848350469539,1980.0,2619.0,449.17999999999995,465.951,42.0,100.0,85.0,0.0,0.0,0.0,0.0,0.0,0.05,0.8,1.2,0.6721701333333333,2.838181533333333,121,0.0,15.0,0.023675082681293813,0.0,False
20260909T070000Z,2026-09-09T07:00:00Z,2026-09-09T07:00:00Z,0.0,2026-09-09T07:00:00Z,0.0,2026-09-09T07:00:01Z,1.0,3,7,481,0,0,123136,121.66474785999162,0.028580486017744988,0.044567210017703474,0.16289666561728844,1.9263995880028233,0.00713742901571095,1012.0926740562636,1980.0,2619.0,449.525,465.6895,42.0,100.0,85.0,0.0,0.0,0.0,0.05,0.0,0.1,0.8,3.6,0.6726563333333334,2.8385647333333335,121,0.0,15.0,0.021940792127127517,0.0,False
20260909T073000Z,2026-09-09T07:30:00Z,2026-09-09T07:30:00Z,0.0,2026-09-09T07:30:00Z,0.0,2026-09-09T07:30:01Z,1.0,3,7,481,0,0,123136,121.67317386803916,0.029123527987394482,0.057605642010457814,0.20093165192591644,1.9293174979975447,0.007137383223629976,1012.0225854677494,1980.0,2619.0,449.225,465.036,42.0,100.0,85.0,0.0,0.0,0.0,0.0,0.0,0.1,0.8,1.2,0.6687396,2.838425066666667,121,0.0,16.0,0.022545777204162287,0.0,False
20260909T080000Z,2026-09-09T08:00:00Z,2026-09-09T08:00:00Z,0.0,2026-09-09T08:00:00Z,0.0,2026-09-09T08:00:00Z,0.0,3,8,481,0,0,123136,121.66002641897649,0.028473994054365903,0.045874170027673244,0.15347616895589267,1.9221290310379118,0.007138700909711713,1012.1319518371672,1980.0,2619.0,449.15,464.64850000000007,42.0,100.0,85.0,0.0,0.0,0.0,0.05,0.0,0.05,0.8,1.2,0.6634686280991735,2.8150154049586775,121,0.0,15.0,0.021940792127127517,0.0,False
20260909T083000Z,2026-09-09T08:30:00Z,2026-09-09T08:30:00Z,0.0,2026-09-09T08:30:00Z,0.0,2026-09-09T08:30:00Z,0.0,3,8,481,0,0,123136,121.65931448701303,0.028534517041407526,0.04224800696829334,0.1519790305336772,1.9210972209693864,0.007138669180373351,1012.1378746807306,1980.0,2619.0,449.44,465.8705,42.0,100.0,85.0,0.0,0.0,0.0,0.0,0.0,0.05,0.8,0.8,0.6662221487603306,2.815536132231405,120,0.0,16.0,0.022586109542631294,0.0,False
20260909T090000Z,2026-09-09T09:00:00Z,2026-09-09T09:00:00Z,0.0,2026-09-09T09:00:00Z,0.0,2026-09-09T09:00:01Z,1.0,3,9,481,0,0,123136,121.66476650995901,0.030043815029785037,0.07534240500535816,0.31093166278207746,1.9356795320054516,0.007135301341266171,1012.0925189127829,1980.0,2619.0,449.325,463.6075,42.0,100.0,85.0,0.0,0.0,0.0,0.0,0.0,0.05,0.8,0.8,0.6657556666666666,2.8391972666666665,120,0.0,18.0,0.026337017020246822,0.0,False
20260909T093000Z,2026-09-09T09:30:00Z,2026-09-09T09:30:00Z,0.0,2026-09-09T09:30:00Z,0.0,2026-09-09T09:30:01Z,1.0,3,9,481,0,0,123136,121.66719340102281,0.028572782000992447,0.05212007201043889,0.18149320206734984,1.9243402460124344,0.007140724478271224,1012.072330740267,1980.0,2619.0,448.975,465.863,42.0,100.0,85.0,0.0,0.0,0.0,0.0,0.0,0.05,0.819999999999999,2.0,0.6693768666666667,2.8379074666666666,121,0.0,16.0,0.02250544486569328,0.0,False
20260909T100000Z,2026-09-09T10:00:00Z,2026-09-09T10:00:00Z,0.0,2026-09-09T10:00:00Z,0.0,2026-09-09T10:00:01Z,1.0,3,10,481,0,0,123136,121.66844318201765,0.02990144502837211,0.05714194802567363,0.20650056455564947,1.9323824850143865,0.007136657270694188,1012.0619347104398,1980.0,2619.0,448.91499999999996,465.40049999999997,42.0,100.0,85.0,0.0,0.0,0.0,0.05,0.0024999999999998582,0.05,1.2,2.0,0.6602019834710744,2.8158263140495867,120,0.0,18.0,0.026579011051060752,0.0,False
20260909T103000Z,2026-09-09T10:30:00Z,2026-09-09T10:30:00Z,0.0,2026-09-09T10:30:00Z,0.0,2026-09-09T10:30:00Z,0.0,3,10,481,0,0,123136,121.66493625799194,0.02802770200651139,0.041305282968096435,0.13912680741866296,1.9232679849956185,0.007138503054796043,1012.0911068320346,1980.0,2619.0,449.85,466.58299999999997,43.0,100.0,85.0,0.0,0.0,0.0,0.0,0.0,0.05,0.8,1.6,0.6689043305785124,2.815511272727273,121,0.0,15.0,0.023191094619666064,0.0,False
20260909T110000Z,2026-09-09T11:00:00Z,2026-09-09T11:00:00Z,0.0,2026-09-09T11:00:00Z,0.0,2026-09-09T11:00:00Z,0.0,3,11,481,0,0,123136,121.65901645302074,0.02791558502940461,0.0415661099832505,0.14577618103256781,1.9235563030233607,0.007136180184270237,1012.1403541639645,1980.0,2619.0,449.49,465.4955,42.0,100.0,85.0,0.0,0.0,0.0,0.05,0.0,0.05,0.8,1.2,0.6645416198347107,2.819280396694215,121,0.0,15.0,0.02371541501976282,0.0,False
20260909T113000Z,2026-09-09T11:30:00Z,2026-09-09T11:30:00Z,0.0,2026-09-09T11:30:00Z,0.0,2026-09-09T11:30:00Z,0.0,3,11,481,0,0,123136,121.66481583396671,0.027950911957304925,0.03675439499784261,0.11334969012778089,1.9242748380056582,0.007139817333332829,1012.092108601397,1980.0,2619.0,449.875,464.88149999999996,43.0,100.0,85.0,0.0,0.0,0.0,0.0,0.05,0.25,0.819999999999999,6.8,0.6704437333333333,2.8421643999999997,121,0.0,15.0,0.023796079696700834,0.0,False
20260909T120000Z,2026-09-09T12:00:00Z,2026-09-09T12:00:00Z,0.0,2026-09-09T12:00:00Z,0.0,2026-09-09T12:00:01Z,1.0,3,12,481,0,0,123136,121.66555857297499,0.028634784976020455,0.04559530399274081,0.15465490225307577,1.925876456021797,0.007138967839316191,1012.0859300222013,1980.0,2619.0,449.77,465.655,42.05,100.0,85.0,0.0,0.0,0.0,0.0,0.0,0.1,0.8,1.2,0.6652840330578512,2.8170558016528924,121,0.0,15.0,0.0217794627732516,0.0,False
20260909T123000Z,2026-09-09T12:30:00Z,2026-09-09T12:30:00Z,0.0,2026-09-09T12:30:00Z,0.0,2026-09-09T12:30:01Z,1.0,3,12,481,0,0,123136,121.66699926595902,0.028574749012477696,0.046162537997588515,0.1940225826403405,1.9318404759978876,0.007138398607654095,1012.0739456294948,1980.0,2619.0,449.99,465.63750000000005,43.0,100.0,85.0,0.0,0.0,0.0,0.05,0.0,0.15,0.8,3.6,0.6697878666666667,2.8386122666666664,121,0.0,16.0,0.02238444785028637,0.0,False
20260909T130000Z,2026-09-09T13:00:00Z,2026-09-09T13:00:00Z,0.0,2026-09-09T13:00:00Z,0.0,2026-09-09T13:00:01Z,1.0,3,13,481,0,0,123136,121.67073236894794,0.028068000043276697,0.03643122804351151,0.11256319824066176,1.9221489379997365,0.007139797254885528,1012.042893163566,1980.0,2619.0,449.87,466.2915,42.0,100.0,85.0,0.0,0.0,0.0,0.05,0.0,0.05,0.8,0.8,0.6738788666666667,2.8385076666666667,121,0.0,15.0,0.021940792127127517,0.0,False
20260909T133000Z,2026-09-09T13:30:00Z,2026-09-09T13:30:00Z,0.0,2026-09-09T13:30:00Z,0.0,2026-09-09T13:30:00Z,0.0,3,13,481,0,0,123136,121.67400219495175,0.027965961024165154,0.04813324799761176,0.18675307924134862,1.9237405890016817,0.007137678592356251,1012.0156958649701,1980.0,2619.0,449.53999999999996,465.78799999999995,42.05,100.0,85.0,0.0,0.0,0.0,0.0,0.0,0.1,0.8,1.2,0.6707578666666667,2.8391552666666664,121,0.0,15.0,0.021940792127127517,0.0,False
20260909T140000Z,2026-09-09T14:00:00Z,2026-09-09T14:00:00Z,0.0,2026-09-09T14:00:00Z,0.0,2026-09-09T14:00:00Z,0.0,3,14,481,0,0,123136,121.65998741600197,0.027777470008004457,0.036331422976218164,0.12761419882047348,1.9210246910224669,0.007136352568654818,1012.1322763165426,1980.0,2619.0,449.68,465.22800000000007,43.0,100.0,85.0,0.0,0.0,0.0,0.0,0.0,0.05,0.8,1.58,0.6733992666666667,2.8388194666666666,121,0.0,15.0,0.021819795111720608,0.0,False
20260909T143000Z,2026-09-09T14:30:00Z,2026-09-09T14:30:00Z,0.0,2026-09-09T14:30:00Z,0.0,2026-09-09T14:30:01Z,1.0,3,14,481,0,0,123136,121.66768667998258,0.028878745972178876,0.05549470096593723,0.21306584309980336,1.9285566509934142,0.0071431447765516005,1012.0682274816276,1980.0,2619.0,460.02,476.4625,52.0,100.0,85.0,0.0,0.0,0.0,0.0,0.0,0.05,0.8,1.2,0.6659982666666667,2.8390922666666665,120,0.0,16.0,0.02286843591191412,0.0,False
20260909T150000Z,2026-09-09T15:00:00Z,2026-09-09T15:00:00Z,0.0,2026-09-09T15:00:00Z,0.0,2026-09-09T15:00:01Z,1.0,3,15,481,0,0,123136,121.66580226097722,0.028085451980587095,0.04033622401766479,0.12939605697976503,1.924730401020497,0.007147278964711244,1012.0839028856208,1980.0,2619.0,460.16499999999996,476.16499999999996,52.0,100.0,85.0,0.0,0.0,0.0,0.0,0.0,0.05,0.8,1.2,0.6709774000000001,2.8382913333333333,121,0.0,15.0,0.021940792127127517,0.0,False
20260909T153000Z,2026-09-09T15:30:00Z,2026-09-09T15:30:00Z,0.0,2026-09-09T15:30:00Z,0.0,2026-09-09T15:30:00Z,0.0,3,15,481,0,0,123136,121.67445844702888,0.028029401961248368,0.040073889947962016,0.13043746049790528,1.923839588998817,0.00713681985884357,1012.011901031862,1980.0,2619.0,449.575,464.57899999999995,42.0,100.0,85.0,0.0,0.0,0.0,0.05,0.0,0.05,0.8,1.2,0.6656971900826446,2.815341090909091,121,0.0,15.0,0.021940792127127517,0.0,False
20260909T160000Z,2026-09-09T16:00:00Z,2026-09-09T16:00:00Z,0.0,2026-09-09T16:00:00Z,0.0,2026-09-09T16:00:01Z,1.0,3,16,481,0,0,123136,121.66621807299089,0.028118505026213825,0.04184275504667312,0.12851997892338723,1.9231546859955415,0.007135813639216198,1012.0804439415332,1980.0,2619.0,449.46500000000003,465.57349999999997,42.0,100.0,85.0,0.0,0.0,0.0,0.0,0.0,0.05,0.8,1.2,0.6709249333333334,2.8393914666666666,121,0.0,15.0,0.022182786157941448,0.0,False
20260909T163000Z,2026-09-09T16:30:00Z,2026-09-09T16:30:00Z,0.0,2026-09-09T16:30:00Z,0.0,2026-09-09T16:30:01Z,1.0,3,16,481,0,0,123136,121.66529781901045,0.028283679974265397,0.04722629499156028,0.20032711741283526,1.9245090420008637,0.007142421682182627,1012.0880991322388,1980.0,2619.0,461.32000000000005,478.133,53.0,100.0,85.0,0.0,0.0,0.0,0.05,0.0,0.2,0.8,4.4,0.6709476,2.8389136666666666,121,0.0,15.0,0.02190045978865851,0.0,False
20260909T170000Z,2026-09-09T17:00:00Z,2026-09-09T17:00:00Z,0.0,2026-09-09T17:00:00Z,0.0,2026-09-09T17:00:01Z,1.0,3,17,481,0,0,123136,121.66372488898924,0.028052176989149302,0.04199505294673145,0.14944404354820962,1.9237713729962707,0.007141264513655402,1012.1011839178368,1980.0,2619.0,458.395,475.034,52.0,100.0,85.0,0.0,0.0,0.0,0.05,0.0,0.1,0.8,2.4,0.6716556,2.8379753333333335,121,0.0,15.0,0.023271759296603967,0.0,False
20260909T173000Z,2026-09-09T17:30:00Z,2026-09-09T17:30:00Z,0.0,2026-09-09T17:30:00Z,0.0,2026-09-09T17:30:01Z,1.0,3,17,481,0,0,123136,121.67454507097136,0.030564134009182453,0.07099787099286914,0.28424925866703815,1.9444993020151742,0.007139007745118922,1012.0111805487022,1980.0,2619.0,454.71,470.40849999999995,47.0,100.0,85.0,0.0,0.0,0.0,0.0,0.0,0.05,0.8,1.2,0.663694,2.8389161333333335,120,0.0,18.0,0.026337017020246822,0.0,False
20260909T180000Z,2026-09-09T18:00:00Z,2026-09-09T18:00:00Z,0.0,2026-09-09T18:00:00Z,0.0,2026-09-09T18:00:00Z,0.0,3,18,481,0,0,123136,121.66216851200443,0.02917524694930762,0.05015430098865181,0.17456790027233512,1.9294815689790994,0.007144092286106053,1012.1141313361528,1980.0,2619.0,459.81,475.9975,52.0,100.0,85.0,0.0,0.0,0.0,0.0,0.05,0.05,1.2,2.0,0.663278743801653,2.81565626446281,120,0.0,16.0,0.022586109542631294,0.0,False
20260909T183000Z,2026-09-09T18:30:00Z,2026-09-09T18:30:00Z,0.0,2026-09-09T18:30:00Z,0.0,2026-09-09T18:30:01Z,1.0,3,18,481,0,0,123136,121.68770623998716,0.031224970007315278,0.0760162629885599,0.286995552224774,1.9502544829738326,0.007137924521549733,1011.9017261871678,1980.0,2619.0,449.475,465.32849999999996,42.0,100.0,85.0,0.0,0.0,0.0,0.05,0.0,0.05,0.8,1.2,0.6656766666666666,2.8391604,120,0.0,17.0,0.025490037912398122,0.0,False
20260909T190000Z,2026-09-09T19:00:00Z,2026-09-09T19:00:00Z,0.0,2026-09-09T19:00:00Z,0.0,2026-09-09T19:00:00Z,0.0,3,19,481,0,0,123136,121.68540201702854,0.03168754803482443,0.0689100839663297,0.26931157118389754,1.9376046999823302,0.007144971850885115,1011.9208874600132,1980.0,2619.0,454.46500000000003,470.9545,47.0,100.0,85.0,0.0,0.0,0.0,0.0,0.0,0.05,0.819999999999999,1.6,0.6591829421487603,2.816501223140496,120,0.0,17.0,0.025449705573929227,0.0,False
20260909T193000Z,2026-09-09T19:30:00Z,2026-09-09T19:30:00Z,0.0,2026-09-09T19:30:00Z,0.0,2026-09-09T19:30:00Z,0.0,3,19,481,0,0,123136,121.66906446398934,0.028984357020817697,0.051230242010205984,0.19005168299753855,1.927662045985926,0.0071385882390827375,1012.056766791733,1980.0,2619.0,450.87,465.84000000000003,43.0,100.0,85.0,0.0,0.0,0.0,0.0,0.0,0.05,0.8,1.2,0.6666119333333334,2.8389351333333335,120,0.0,16.0,0.022828103573445224,0.0,False
20260909T200000Z,2026-09-09T20:00:00Z,2026-09-09T20:00:00Z,0.0,2026-09-09T20:00:00Z,0.0,2026-09-09T20:00:01Z,1.0,3,20,481,0,0,123136,121.70326092897449,0.029054276004899293,0.06522283598314971,0.24964942692842446,1.9377158780116588,0.007136287658895348,1011.7723967302869,1980.0,2619.0,449.705,465.959,43.0,100.0,85.0,0.0,0.0,0.0,0.05,0.0,0.05,0.8,1.2,0.671404,2.8383974666666667,120,0.0,16.0,0.0226264418811003,0.0,False
20260909T203000Z,2026-09-09T20:30:00Z,2026-09-09T20:30:00Z,0.0,2026-09-09T20:30:00Z,0.0,2026-09-09T20:30:01Z,1.0,3,20,481,0,0,123136,121.71291670500068,0.0302749770344235,0.08322203601710498,0.3192371014224369,1.9444388289703056,0.0071404042391234315,1011.6921304124893,1980.0,2619.0,450.09,465.36899999999997,42.0,100.0,85.0,0.0,0.0,0.0,0.05,0.0,0.05,0.8,1.6,0.658993652892562,2.815718082644628,120,0.0,18.0,0.026659675727998655,0.0,False
20260909T210000Z,2026-09-09T21:00:00Z,2026-09-09T21:00:00Z,0.0,2026-09-09T21:00:00Z,0.0,2026-09-09T21:00:00Z,0.0,3,21,481,0,0,123136,121.67447158199502,0.03212638397235423,0.06199742999160662,0.26607082432211365,1.9383481089607812,0.007144613564699231,1012.0117917834561,1980.0,2619.0,449.595,465.887,42.0,100.0,85.0,0.0,0.0,0.0,0.0,0.0,0.1,0.8,1.2,0.658580826446281,2.816022809917355,120,0.0,17.0,0.025691699604743046,0.0,False
20260909T213000Z,2026-09-09T21:30:00Z,2026-09-09T21:30:00Z,0.0,2026-09-09T21:30:00Z,0.0,2026-09-09T21:30:01Z,1.0,3,21,481,0,0,123136,121.66633765702136,0.028235400968696922,0.04241335496772081,0.1437802818959254,1.922491320001427,0.007136203851048634,1012.0794491827446,1980.0,2619.0,449.345,465.6095,42.0,100.0,85.0,0.0,0.0,0.0,0.0,0.0,0.05,0.8,1.58,0.6702911333333333,2.838843933333333,121,0.0,15.0,0.021940792127127517,0.0,False
20260909T220000Z,2026-09-09T22:00:00Z,2026-09-09T22:00:00Z,0.0,2026-09-09T22:00:00Z,0.0,2026-09-09T22:00:01Z,1.0,3,22,481,0,0,123136,121.66835073399125,0.030054267030209303,0.060725210001692176,0.22065886279076863,1.9325634049600922,0.007140952858653869,1012.0627037118103,1980.0,2619.0,449.14,465.303,42.0,100.0,85.0,0.0,0.0,0.0,0.0,0.0024999999999998582,0.15,0.819999999999999,4.4,0.665982,2.840312533333333,120,0.0,18.0,0.026458014035653732,0.0,False
20260909T223000Z,2026-09-09T22:30:00Z,2026-09-09T22:30:00Z,0.0,2026-09-09T22:30:00Z,0.0,2026-09-09T22:30:00Z,0.0,3,22,481,0,0,123136,121.67890383000486,0.028324678947683424,0.0437641020398587,0.1533054454635872,1.9234245449770242,0.007138049478332202,1011.9749284726531,1980.0,2619.0,448.99,465.1155,42.0,100.0,85.0,0.0,0.0,0.0,0.05,0.0024999999999998582,0.1,1.2,2.0,0.6699557333333332,2.8388914,121,0.0,15.0,0.02190045978865851,0.0,False
20260909T230000Z,2026-09-09T23:00:00Z,2026-09-09T23:00:00Z,0.0,2026-09-09T23:00:00Z,0.0,2026-09-09T23:00:01Z,1.0,3,23,481,0,0,123136,121.67034867103212,0.02820840000640601,0.04754207201767713,0.16434435840046452,1.9250494120060466,0.007138157933356934,1012.0460847279287,1980.0,2619.0,448.83500000000004,464.63349999999997,42.0,100.0,85.0,0.0,0.0,0.0,0.05,0.05,0.05,0.8,2.0,0.6690846666666667,2.8387032666666667,121,0.0,16.0,0.023312091635072973,0.0,False
20260909T233000Z,2026-09-09T23:30:00Z,2026-09-09T23:30:00Z,0.0,2026-09-09T23:30:00Z,0.0,2026-09-09T23:30:01Z,1.0,3,23,481,0,0,123136,121.66803833702579,0.029565303993877023,0.04931109002791345,0.19945050338124592,1.9281149660237134,0.007136778792311602,1012.0653023015617,1980.0,2619.0,449.58000000000004,466.25200000000007,42.0,100.0,85.0,0.0,0.0,0.0,0.0,0.0024999999999998582,0.05,0.8,1.6,0.6672855333333333,2.8384927999999996,120,0.0,16.0,0.02286843591191412,0.0,False
20260910T000000Z,2026-09-10T00:00:00Z,2026-09-10T00:00:00Z,0.0,2026-09-10T00:00:00Z,0.0,2026-09-10T00:00:01Z,1.0,3,0,481,0,0,123136,121.66095028998097,0.028116244007833302,0.04083439498208463,0.173855837278126,1.9224810159648769,0.0071376030392689156,1012.1242658922458,1980.0,2619.0,449.72,465.51099999999997,43.0,100.0,85.0,0.0,0.0,0.0,0.0,0.0,0.05,0.8,1.2,0.6651806280991736,2.8154472066115703,121,0.0,15.0,0.02335242397354198,0.0,False
20260910T003000Z,2026-09-10T00:30:00Z,2026-09-10T00:30:00Z,0.0,2026-09-10T00:30:00Z,0.0,2026-09-10T00:30:00Z,0.0,3,0,481,0,0,123136,121.67426695901668,0.02893237298121676,0.059637707949150354,0.19996084027335603,1.9337147730402648,0.007139445172723236,1012.0134937116628,1980.0,2619.0,457.425,474.0315,49.0,100.0,85.0,0.0,0.0,0.0,0.0,0.0,0.05,0.8,0.8,0.6645221157024794,2.8156134214876034,120,0.0,16.0,0.023070097604259043,0.0,False
20260910T010000Z,2026-09-10T01:00:00Z,2026-09-10T01:00:00Z,0.0,2026-09-10T01:00:00Z,0.0,2026-09-10T01:00:00Z,0.0,3,1,481,0,0,123136,121.66861455800245,0.02822152600856498,0.05052525596693158,0.17874752466842453,1.9294967569876462,0.00713878701961435,1012.0605091734485,1980.0,2619.0,449.45000000000005,465.2445,42.0,100.0,85.0,0.0,0.0,0.0,0.0,0.0,0.15,0.8,3.2,0.6707016,2.8394882000000004,121,0.0,15.0,0.02153746874243767,0.0,False
20260910T013000Z,2026-09-10T01:30:00Z,2026-09-10T01:30:00Z,0.0,2026-09-10T01:30:00Z,0.0,2026-09-10T01:30:01Z,1.0,3,1,481,0,0,123136,121.67371900100261,0.028054739988874644,0.0390946909901686,0.12291406635138313,1.9212322990060784,0.0071384688704639815,1012.0180513179296,1980.0,2619.0,449.475,464.709,42.0,100.0,85.0,0.0,0.0,0.0,0.0,0.0024999999999998582,0.05,0.8,1.6,0.670754,2.8385792000000003,121,0.0,15.0,0.0217794627732516,0.0,False
20260910T020000Z,2026-09-10T02:00:00Z,2026-09-10T02:00:00Z,0.0,2026-09-10T02:00:00Z,0.0,2026-09-10T02:00:01Z,1.0,3,2,481,0,0,123136,121.66335211397381,0.028260427003260702,0.05065975897014141,0.16247219488875214,1.9262238470255397,0.007133982302027517,1012.1042849834239,1980.0,2619.0,452.77,469.1845,45.0,100.0,85.0,0.0,0.0,0.0,0.0,0.0,0.15,0.8,2.8,0.671128,2.8388185333333333,121,0.0,15.0,0.02190045978865851,0.0,False
20260910T023000Z,2026-09-10T02:30:00Z,2026-09-10T02:30:00Z,0.0,2026-09-10T02:30:00Z,0.0,2026-09-10T02:30:01Z,1.0,3,2,481,0,0,123136,121.66583185002673,0.02771683898754418,0.03813191602239385,0.11732853219758468,1.924131181964185,0.007137279788388268,1012.0836567474876,1980.0,2619.0,449.01,465.562,42.0,100.0,85.0,0.0,0.0,0.0,0.05,0.0,0.05,0.8,1.6,0.6734649333333333,2.8388102666666666,121,0.0,15.0,0.02371541501976282,0.0,False
20260910T030000Z,2026-09-10T03:00:00Z,2026-09-10T03:00:00Z,0.0,2026-09-10T03:00:00Z,0.0,2026-09-10T03:00:01Z,1.0,3,3,481,0,0,123136,121.6665765279904,0.02821751299779862,0.04426962503930554,0.1439627681455002,1.9254312989651226,0.00713546401569985,1012.0774621423785,1980.0,2619.0,449.35,463.91499999999996,42.0,100.0,85.0,0.0,0.0,0.0,0.0,0.0,0.15,0.8,3.6,0.6708973333333333,2.839020066666667,121,0.0,15.0,0.021819795111720608,0.0,False
20260910T033000Z,2026-09-10T03:30:00Z,2026-09-10T03:30:00Z,0.0,2026-09-10T03:30:00Z,0.0,2026-09-10T03:30:01Z,1.0,3,3,481,0,0,123136,121.66627898300067,0.027993872005026788,0.037395209015812725,0.1375915785653,1.925872210005764,0.0071379189333860196,1012.079937261866,1980.0,2619.0,449.15999999999997,464.1735,42.0,100.0,85.0,0.0,0.0,0.0,0.05,0.0,0.1,0.8,1.2,0.669442,2.8419094,121,0.0,15.0,0.02371541501976282,0.0,False
20260910T040000Z,2026-09-10T04:00:00Z,2026-09-10T04:00:00Z,0.0,2026-09-10T04:00:00Z,0.0,2026-09-10T04:00:00Z,0.0,3,4,481,0,0,123136,121.67057642503642,0.029305555042810738,0.04694982903311029,0.17736737392068708,1.9311916549922898,0.007138395952928227,1012.0441902884093,1980.0,2619.0,452.91999999999996,469.54150000000004,45.0,100.0,85.0,0.0,0.0,0.0,0.05,0.0,0.05,0.8,1.2,0.6646072066115702,2.8157024793388428,120,0.0,16.0,0.022707106558038204,0.0,False
20260910T043000Z,2026-09-10T04:30:00Z,2026-09-10T04:30:00Z,0.0,2026-09-10T04:30:00Z,0.0,2026-09-10T04:30:00Z,0.0,3,4,481,0,0,123136,121.66186807898339,0.02780413703294471,0.038685610983520746,0.1199905331464281,1.922204824979417,0.007136684647240841,1012.1166306608048,1980.0,2619.0,460.155,475.7195,52.0,100.0,85.0,0.0,0.0,0.0,0.05,0.0,0.1,0.8,2.0,0.6721607333333333,2.838408133333333,121,0.0,15.0,0.02371541501976282,0.0,False
20260910T050000Z,2026-09-10T05:00:00Z,2026-09-10T05:00:00Z,0.0,2026-09-10T05:00:00Z,0.0,2026-09-10T05:00:01Z,1.0,4,5,481,0,0,123136,121.66182710498106,0.028166427044197917,0.040094999014399946,0.13049900227302416,1.9235114969778806,0.0071369106589140845,1012.116971527535,1980.0,2619.0,449.93,465.66499999999996,43.0,100.0,85.0,0.0,0.0,0.0,0.0,0.0,0.05,0.8,1.2,0.6741973333333334,2.8387427333333335,121,0.0,15.0,0.021577801080906678,0.0,False
20260910T053000Z,2026-09-10T05:30:00Z,2026-09-10T05:30:00Z,0.0,2026-09-10T05:30:00Z,0.0,2026-09-10T05:30:01Z,1.0,4,5,481,0,0,123136,121.66680260095745,0.02796972100622952,0.040010858967434615,0.12994851148426523,1.9288792749866843,0.007136099447048835,1012.0755815689611,1980.0,2619.0,448.91999999999996,465.2375,42.0,100.0,85.0,0.0,0.0,0.0,0.0,0.0,0.05,1.2,1.2,0.6711857333333333,2.8377512666666664,121,0.0,15.0,0.023796079696700834,0.0,False
20260910T060000Z,2026-09-10T06:00:00Z,2026-09-10T06:00:00Z,0.0,2026-09-10T06:00:00Z,0.0,2026-09-10T06:00:01Z,1.0,4,6,481,0,0,123136,121.67664881201927,0.02884018496843055,0.0480469050235115,0.16982008507454846,1.9237535410211422,0.0071379242784471485,1011.993683276364,1980.0,2619.0,449.35,466.4395,42.0,100.0,85.0,0.0,0.0,0.0,0.0,0.0,0.05,0.8,1.2,0.6640028429752065,2.815768,121,0.0,16.0,0.02226345083487946,0.0,False
20260910T063000Z,2026-09-10T06:30:00Z,2026-09-10T06:30:00Z,0.0,2026-09-10T06:30:00Z,0.0,2026-09-10T06:30:00Z,0.0,4,6,481,0,0,123136,121.67099876899738,0.027994051983114332,0.0376019689720124,0.11385121446308678,1.922149094985798,0.007135756188254876,1012.040677284026,1980.0,2619.0,448.895,465.216,42.0,100.0,85.0,0.0,0.0,0.0,0.05,0.0,0.2,0.8,4.0,0.6676836363636364,2.818729652892562,121,0.0,14.0,0.022223118496410454,0.0,False
20260910T070000Z,2026-09-10T07:00:00Z,2026-09-10T07:00:00Z,0.0,2026-09-10T07:00:00Z,0.0,2026-09-10T07:00:00Z,0.0,4,7,481,0,0,123136,121.66150536900386,0.02877648500725627,0.049613419047091156,0.177735769413107,1.929532514011953,0.007136243392083356,1012.1196480885548,1980.0,2619.0,449.49,466.0685,43.0,100.0,85.0,0.0,0.0,0.0,0.05,0.0,0.05,0.8,1.2,0.6697752666666668,2.8396171333333333,121,0.0,16.0,0.022223118496410454,0.0,False
20260910T073000Z,2026-09-10T07:30:00Z,2026-09-10T07:30:00Z,0.0,2026-09-10T07:30:00Z,0.0,2026-09-10T07:30:01Z,1.0,4,7,481,0,0,123136,121.66068920609541,0.02962351799942553,0.05673141893930733,0.2108685521892005,1.9291055629728362,0.007141500305585271,1012.1264379113074,1980.0,2619.0,449.32,465.35099999999994,42.0,100.0,85.0,0.0,0.0,0.0,0.05,0.0,0.05,0.8,1.2,0.6686294666666667,2.8381141333333333,120,0.0,16.0,0.023029765265790147,0.0,False
20260910T080000Z,2026-09-10T08:00:00Z,2026-09-10T08:00:00Z,0.0,2026-09-10T08:00:00Z,0.0,2026-09-10T08:00:01Z,1.0,4,8,481,0,0,123136,121.66595967696048,0.02811816497705877,0.050839264993555844,0.16701742716706655,1.927007696009241,0.0071370426629323,1012.082593413496,1980.0,2619.0,458.36,474.59999999999997,50.0,100.0,85.0,0.0,0.0,0.0,0.0,0.0,0.05,1.2,2.0,0.6702086666666667,2.8385057333333332,121,0.0,15.0,0.0217794627732516,0.0,False
20260910T083000Z,2026-09-10T08:30:00Z,2026-09-10T08:30:00Z,0.0,2026-09-10T08:30:00Z,0.0,2026-09-10T08:30:00Z,0.0,4,8,481,0,0,123136,121.66679472301621,0.028352141962386668,0.04326482501346618,0.1657906313589114,1.9222272769548,0.0071390393610094105,1012.0756471009904,1980.0,2619.0,449.88,465.923,43.0,100.0,85.0,0.0,0.0,0.0,0.0,0.0,0.05,0.8,0.8,0.6712344666666666,2.8382747999999998,121,0.0,15.0,0.021940792127127517,0.0,False
20260910T090000Z,2026-09-10T09:00:00Z,2026-09-10T09:00:00Z,0.0,2026-09-10T09:00:00Z,0.0,2026-09-10T09:00:01Z,1.0,4,9,481,0,0,123136,121.66923692903947,0.028112733038142323,0.044183455989696085,0.15488116389693832,1.9263798110187054,0.007138882509852742,1012.0553322103597,1980.0,2619.0,450.49,465.86350000000004,43.0,100.0,85.0,0.0,0.0,0.0,0.0,0.0,0.05,0.8,1.2,0.6738596,2.839201,121,0.0,15.0,0.0217794627732516,0.0,False
20260910T093000Z,2026-09-10T09:30:00Z,2026-09-10T09:30:00Z,0.0,2026-09-10T09:30:00Z,0.0,2026-09-10T09:30:00Z,0.0,4,9,481,0,0,123136,121.66043399006594,0.028053284040652215,0.04852754808962345,0.1823265886001752,1.921784327016212,0.007134879396443128,1012.1285611232863,1980.0,2619.0,449.595,464.72599999999994,43.0,100.0,85.0,0.0,0.0,0.0,0.05,0.0,0.1,0.8,1.2,0.6643155041322314,2.816216661157025,121,0.0,15.0,0.021577801080906678,0.0,False
20260910T100000Z,2026-09-10T10:00:00Z,2026-09-10T10:00:00Z,0.0,2026-09-10T10:00:00Z,0.0,2026-09-10T10:00:00Z,0.0,4,10,481,0,0,123136,121.66601178399287,0.028517246013507247,0.05189360096119344,0.16766793546229974,1.92223252390977,0.007136558752744367,1012.0821599594877,1980.0,2619.0,451.085,467.53249999999997,43.0,100.0,85.0,0.0,0.0,0.0,0.0,0.0,0.05,0.819999999999999,1.2,0.6672374876033058,2.815122380165289,121,0.0,15.0,0.021940792127127517,0.0,False
20260910T103000Z,2026-09-10T10:30:00Z,2026-09-10T10:30:00Z,0.0,2026-09-10T10:30:00Z,0.0,2026-09-10T10:30:01Z,1.0,4,10,481,0,0,123136,121.67006683303043,0.028689645929262042,0.050483035040088,0.190592673171063,1.9260739010060206,0.007140416584397648,1012.0484290436142,1980.0,2619.0,450.20500000000004,467.05850000000004,43.0,100.0,85.0,0.0,0.0,0.0,0.0,0.0,0.1,0.8,1.6,0.6688531333333333,2.8385874666666666,121,0.0,16.0,0.022545777204162287,0.0,False
20260910T110000Z,2026-09-10T11:00:00Z,2026-09-10T11:00:00Z,0.0,2026-09-10T11:00:00Z,0.0,2026-09-10T11:00:00Z,0.0,4,11,481,0,0,123136,121.66291018901393,0.028379785013385117,0.05107404408045113,0.1986016277190569,1.9252530130324885,0.007139983894212135,1012.1079613227852,1980.0,2619.0,449.925,464.0505,42.0,100.0,85.0,0.0,0.0,0.0,0.0,0.0,0.05,0.8,1.2,0.6671160330578513,2.8149523305785125,121,0.0,15.0,0.02190045978865851,0.0,False
20260910T113000Z,2026-09-10T11:30:00Z,2026-09-10T11:30:00Z,0.0,2026-09-10T11:30:00Z,0.0,2026-09-10T11:30:00Z,0.0,4,11,481,0,0,123136,121.67051523493137,0.028504128917120397,0.04173868405632675,0.1306218414995287,1.925305591081269,0.007142762168694069,1012.0446992620928,1980.0,2619.0,449.89,465.455,43.0,100.0,85.0,0.0,0.0,0.0,0.0,0.0,0.05,0.8,1.2,0.6736439333333334,2.8385472666666667,121,0.0,16.0,0.022223118496410454,0.0,False
20260910T120000Z,2026-09-10T12:00:00Z,2026-09-10T12:00:00Z,0.0,2026-09-10T12:00:00Z,0.0,2026-09-10T12:00:01Z,1.0,4,12,481,0,0,123136,121.67104167398065,0.028577158926054835,0.06433258100878447,0.26825718962072703,1.9328023709822446,0.007137920176519045,1012.0403204070918,1980.0,2619.0,449.82,466.1855,43.0,100.0,85.0,0.0,0.0,0.0,0.05,0.0,0.05,0.8,1.2,0.6727054666666666,2.838787066666667,120,0.0,16.0,0.022586109542631294,0.0,False
20260910T123000Z,2026-09-10T12:30:00Z,2026-09-10T12:30:00Z,0.0,2026-09-10T12:30:00Z,0.0,2026-09-10T12:30:01Z,1.0,4,12,481,0,0,123136,121.66967317601666,0.02897898096125573,0.04760791489388794,0.1791028633546759,1.9282778300112113,0.007137265203831096,1012.0517034829381,1980.0,2619.0,449.575,466.1275,42.05,100.0,85.0,0.0,0.0,0.0,0.0,0.0,0.05,0.8,1.2,0.6683929333333334,2.8383784,120,0.0,16.0,0.022908768250383127,0.0,False
20260910T130000Z,2026-09-10T13:00:00Z,2026-09-10T13:00:00Z,0.0,2026-09-10T13:00:01Z,1.0,2026-09-10T13:00:01Z,1.0,4,13,481,0,0,123136,121.67393463908229,0.030763181042857468,0.05674077803269029,0.23789958439725997,1.9347732029855251,0.007139145242799,1012.0162577568859,1980.0,2619.0,449.94,466.647,43.0,100.0,85.0,0.0,0.0,0.0,0.0,0.0,0.05,0.8,1.2,0.6624651900826446,2.8155184132231406,120,0.0,18.0,0.02625635234330892,0.0,False
20260910T133000Z,2026-09-10T13:30:00Z,2026-09-10T13:30:00Z,0.0,2026-09-10T13:30:00Z,0.0,2026-09-10T13:30:01Z,1.0,4,13,481,0,0,123136,121.66450236097444,0.02804940298665315,0.04146146401762962,0.13464349804629086,1.92302904301323,0.007136573764385984,1012.0947162933332,1980.0,2619.0,450.02,464.3215,43.0,100.0,85.0,0.0,0.0,0.0,0.05,0.0,0.05,0.8,1.2,0.6714196,2.8384453333333335,121,0.0,15.0,0.0217794627732516,0.0,False
20260910T140000Z,2026-09-10T14:00:00Z,2026-09-10T14:00:00Z,0.0,2026-09-10T14:00:00Z,0.0,2026-09-10T14:00:01Z,1.0,4,14,481,0,0,123136,121.66096995701082,0.029807062004692852,0.06001705501694232,0.21559711890871347,1.9324117549695075,0.007137487941038083,1012.1241022779153,1980.0,2619.0,449.55499999999995,465.633,43.0,100.0,85.0,0.0,0.0,0.0,0.05,0.0,0.05,0.8,1.2,0.6684618666666667,2.8392531333333335,120,0.0,18.0,0.02577236428168106,0.0,False
20260910T143000Z,2026-09-10T14:30:00Z,2026-09-10T14:30:00Z,0.0,2026-09-10T14:30:00Z,0.0,2026-09-10T14:30:01Z,1.0,4,14,481,0,0,123136,121.66482840606477,0.029912865022197366,0.05707704299129546,0.20892559829951363,1.9311791490763426,0.007140485360743661,1012.0920040179984,1980.0,2619.0,449.66999999999996,465.597,42.0,100.0,85.0,0.0,0.0,0.0,0.0,0.0,0.1,0.8,1.2,0.6701213333333333,2.8390454666666667,120,0.0,18.0,0.02589336129708797,0.0,False
20260910T150000Z,2026-09-10T15:00:00Z,2026-09-10T15:00:00Z,0.0,2026-09-10T15:00:00Z,0.0,2026-09-10T15:00:00Z,0.0,4,15,481,0,0,123136,121.6940612780163,0.028224807931110263,0.046602334012277424,0.17776185581892054,1.9251903949771076,0.007136471588255874,1011.8488832309533,1980.0,2619.0,450.55,464.58000000000004,43.0,100.0,85.0,0.0,0.0,0.0,0.0,0.0,0.05,0.8,0.8,0.6696522666666668,2.8386604666666666,121,0.0,15.0,0.021860127450189615,0.0,False
20260910T153000Z,2026-09-10T15:30:00Z,2026-09-10T15:30:00Z,0.0,2026-09-10T15:30:00Z,0.0,2026-09-10T15:30:01Z,1.0,4,15,481,0,0,123136,121.6624868210638,0.02812493604142219,0.03996661398559809,0.12136141960782812,1.9223649769555777,0.007136037619784474,1012.1114833128752,1980.0,2619.0,449.745,465.9885,43.0,100.0,85.0,0.0,0.0,0.0,0.0,0.0,0.05,0.8,1.2,0.6711234666666667,2.8383392666666665,121,0.0,15.0,0.021577801080906678,0.0,False
20260910T160000Z,2026-09-10T16:00:00Z,2026-09-10T16:00:00Z,0.0,2026-09-10T16:00:00Z,0.0,2026-09-10T16:00:01Z,1.0,4,16,481,0,0,123136,121.67681941902265,0.029198053060099483,0.04807894607074559,0.17395951925753964,1.92943492194172,0.007135804008016838,1011.992264327294,1980.0,2619.0,449.94,467.1345,43.0,100.0,85.0,0.0,0.0,0.0,0.05,0.0,0.05,0.8,1.6,0.6638930247933884,2.8153494214876034,120,0.0,16.0,0.023312091635072973,0.0,False
20260910T163000Z,2026-09-10T16:30:00Z,2026-09-10T16:30:00Z,0.0,2026-09-10T16:30:00Z,0.0,2026-09-10T16:30:00Z,0.0,4,16,481,0,0,123136,121.66617780795787,0.03162577305920422,0.08933204005006701,0.37111220952035495,1.9505342539632693,0.007140594980149877,1012.0807788863241,1980.0,2619.0,449.17499999999995,465.048,42.0,100.0,85.0,0.0,0.0,0.0,0.0,0.0,0.05,0.8,0.8,0.6546497190082645,2.815018512396694,120,0.0,17.0,0.025853028958619073,0.0,False
20260910T170000Z,2026-09-10T17:00:00Z,2026-09-10T17:00:00Z,0.0,2026-09-10T17:00:00Z,0.0,2026-09-10T17:00:01Z,1.0,4,17,481,0,0,123136,121.66639426199254,0.03089137002825737,0.07642958406358957,0.30394860593440853,1.9472916870145127,0.0071431703212689246,1012.0789783154324,1980.0,2619.0,449.53499999999997,464.18550000000005,42.0,100.0,85.0,0.0,0.0,0.0,0.0,0.0,0.05,0.8,1.2,0.6635890666666666,2.8390917333333334,120,0.0,17.0,0.02601435831249499,0.0,False
20260910T173000Z,2026-09-10T17:30:00Z,2026-09-10T17:30:00Z,0.0,2026-09-10T17:30:00Z,0.0,2026-09-10T17:30:00Z,0.0,4,17,481,0,0,123136,121.66642916097771,0.029331409954465926,0.061570810968987644,0.23422289921743797,1.9251502830302343,0.007139321964909779,1012.0786880091458,1980.0,2619.0,449.725,466.117,43.0,100.0,85.0,0.0,0.0,0.0,0.0,0.0,0.1,0.8,1.6,0.663830479338843,2.8158107107438015,120,0.0,18.0,0.0261353553279019,0.0,False
20260910T180000Z,2026-09-10T18:00:00Z,2026-09-10T18:00:00Z,0.0,2026-09-10T18:00:00Z,0.0,2026-09-10T18:00:00Z,0.0,4,18,481,0,0,123136,121.66518824000377,0.029544831020757556,0.07077336602378637,0.2450175933220788,1.9422305290354416,0.007141164874694511,1012.0890106798242,1980.0,2619.0,449.375,465.572,42.0,100.0,85.0,0.0,0.0,0.0,0.0,0.0,0.05,0.8,1.6,0.6678062666666668,2.8381432,120,0.0,18.0,0.025691699604743046,0.0,False
20260910T183000Z,2026-09-10T18:30:00Z,2026-09-10T18:30:00Z,0.0,2026-09-10T18:30:00Z,0.0,2026-09-10T18:30:01Z,1.0,4,18,481,0,0,123136,121.67075844900683,0.029550915933214128,0.06102455302607268,0.22207107233309625,1.9317645080154762,0.007136040086419705,1012.0426762327389,1980.0,2619.0,449.485,465.4825,42.0,100.0,85.0,0.0,0.0,0.0,0.05,0.0,0.1,0.8,2.8,0.6708809333333333,2.8396941333333334,120,0.0,18.0,0.025732031943212053,0.0,False
20260910T190000Z,2026-09-10T19:00:00Z,2026-09-10T19:00:00Z,0.0,2026-09-10T19:00:00Z,0.0,2026-09-10T19:00:01Z,1.0,4,19,481,0,0,123136,121.66976845101453,0.02828468196094036,0.04086668090894818,0.12756043344787482,1.9241651779739186,0.007137285878279192,1012.0509109834937,1980.0,2619.0,449.73,465.873,42.0,100.0,85.0,0.0,0.0,0.0,0.0,0.0,0.05,0.8,0.8,0.6669913388429752,2.8159813553719006,121,0.0,15.0,0.021940792127127517,0.0,False
20260910T193000Z,2026-09-10T19:30:00Z,2026-09-10T19:30:00Z,0.0,2026-09-10T19:30:00Z,0.0,2026-09-10T19:30:00Z,0.0,4,19,481,0,0,123136,121.67302385601215,0.03037046594545245,0.05804824293591082,0.21145961494039114,1.9278136619832367,0.007138044498039081,1012.0238332016728,1980.0,2619.0,449.8,466.555,43.0,100.0,85.0,0.0,0.0,0.0,0.05,0.0,0.05,0.8,1.2,0.6631765950413223,2.8151842644628102,120,0.0,16.0,0.02323142695813507,0.0,False
20260910T200000Z,2026-09-10T20:00:00Z,2026-09-10T20:00:00Z,0.0,2026-09-10T20:00:00Z,0.0,2026-09-10T20:00:00Z,0.0,4,20,481,0,0,123136,121.66896797600202,0.029297200962901115,0.04639125394169241,0.15705437213911433,1.92391779308673,0.007138817689801548,1012.057569390145,1980.0,2619.0,449.225,465.597,43.0,100.0,85.0,0.0,0.0,0.0,0.0,0.0,0.05,0.8,1.2,0.6719004000000001,2.8388391333333334,121,0.0,16.0,0.022424780188755378,0.0,False
20260910T203000Z,2026-09-10T20:30:00Z,2026-09-10T20:30:00Z,0.0,2026-09-10T20:30:00Z,0.0,2026-09-10T20:30:01Z,1.0,4,20,481,0,0,123136,121.66777062497567,0.02849218703340739,0.05052027490455657,0.16544295010985063,1.925869430997409,0.007138060674290446,1012.0675292025359,1980.0,2619.0,449.275,465.573,42.0,100.0,85.0,0.0,0.0,0.0,0.0,0.0,0.05,0.8,1.2,0.6732581333333333,2.8392028666666667,121,0.0,16.0,0.022586109542631294,0.0,False
20260910T210000Z,2026-09-10T21:00:00Z,2026-09-10T21:00:00Z,0.0,2026-09-10T21:00:00Z,0.0,2026-09-10T21:00:01Z,1.0,4,21,481,0,0,123136,121.66011604305822,0.028983658063225448,0.05482875101733953,0.21329393613561531,1.9298382540000603,0.007136034902057373,1012.1312062238986,1980.0,2619.0,449.945,464.9365,43.0,100.0,85.0,0.0,0.0,0.0,0.05,0.0,0.05,0.8,1.2,0.6687858000000001,2.8392043333333334,120,0.0,16.0,0.02274743889650721,0.0,False
20260910T213000Z,2026-09-10T21:30:00Z,2026-09-10T21:30:00Z,0.0,2026-09-10T21:30:00Z,0.0,2026-09-10T21:30:01Z,1.0,4,21,481,0,0,123136,121.66921860002913,0.028219147003255785,0.0441512520192191,0.16156398295461272,1.923340467037633,0.007137917082154137,1012.0554846726905,1980.0,2619.0,449.365,465.238,42.0,100.0,85.0,0.0,0.0,0.0,0.05,0.0,0.05,0.8,1.2,0.6644900495867769,2.8154698181818185,121,0.0,15.0,0.021577801080906678,0.0,False
20260910T220000Z,2026-09-10T22:00:00Z,2026-09-10T22:00:00Z,0.0,2026-09-10T22:00:00Z,0.0,2026-09-10T22:00:00Z,0.0,4,22,481,0,0,123136,121.66571945499163,0.028279338032007217,0.04532920604106039,0.151583974761327,1.9223266909830272,0.007136396246998772,1012.084591712395,1980.0,2619.0,449.6,465.34250000000003,43.0,100.0,85.0,0.0,0.0,0.0,0.0,0.0,0.1,0.8,1.2,0.6728958666666667,2.838173133333333,121,0.0,15.0,0.02335242397354198,0.0,False
20260910T223000Z,2026-09-10T22:30:00Z,2026-09-10T22:30:00Z,0.0,2026-09-10T22:30:00Z,0.0,2026-09-10T22:30:01Z,1.0,4,22,481,0,0,123136,121.66608259698842,0.0283070559380576,0.0440295689040795,0.1448685934390223,1.922088249004446,0.007139716184625,1012.0815708999245,1980.0,2619.0,449.83000000000004,464.35299999999995,42.05,100.0,85.0,0.0,0.0,0.0,0.05,0.0,0.05,0.8,1.2,0.6720134666666667,2.8382482666666666,121,0.0,15.0,0.022061789142534538,0.0,False
20260910T230000Z,2026-09-10T23:00:00Z,2026-09-10T23:00:00Z,0.0,2026-09-10T23:00:00Z,0.0,2026-09-10T23:00:01Z,1.0,4,23,481,0,0,123136,121.67264430690557,0.028647436993196607,0.0528173369821161,0.18962606473957655,1.9352233139798045,0.00713558133746333,1012.0269901375964,1980.0,2619.0,450.025,466.069,43.0,100.0,85.0,0.0,0.0,0.0,0.05,0.0,0.1,0.8,1.2,0.6695393333333334,2.8384632666666665,121,0.0,16.0,0.022465112527224274,0.0,False
20260910T233000Z,2026-09-10T23:30:00Z,2026-09-10T23:30:00Z,0.0,2026-09-10T23:30:00Z,0.0,2026-09-10T23:30:01Z,1.0,4,23,481,0,0,123136,121.67709878308233,0.028986849007196724,0.05724866804666817,0.2101123151719957,1.933165317052044,0.007137069733375136,1011.9899408476076,1980.0,2619.0,449.38,466.24300000000005,42.0,100.0,85.0,0.0,0.0,0.0,0.0,0.0,0.05,0.8,0.8,0.6643229090909091,2.8158789421487604,121,0.0,16.0,0.022223118496410454,0.0,False
20260911T000000Z,2026-09-11T00:00:00Z,2026-09-11T00:00:00Z,0.0,2026-09-11T00:00:00Z,0.0,2026-09-11T00:00:00Z,0.0,4,0,481,0,0,123136,121.66611592995469,0.028148551005870104,0.039231464033946395,0.11282350944724993,1.9205021529924124,0.007138910792384516,1012.0812936191006,1980.0,2619.0,448.895,464.309,42.0,100.0,85.0,0.0,0.0,0.0,0.05,0.0,0.05,0.8,1.2,0.6680371570247935,2.814963305785124,121,0.0,16.0,0.022182786157941448,0.0,False
20260911T003000Z,2026-09-11T00:30:00Z,2026-09-11T00:30:00Z,0.0,2026-09-11T00:30:00Z,0.0,2026-09-11T00:30:01Z,1.0,4,0,481,0,0,123136,121.660691572004,0.027875047060661018,0.037676161038689315,0.11355957538384562,1.9209664179943502,0.007136446125257541,1012.1264182287083,1980.0,2619.0,449.365,465.22300000000007,42.0,100.0,85.0,0.0,0.0,0.0,0.0,0.0,0.1,0.8,1.6,0.6729933333333333,2.839363066666667,121,0.0,15.0,0.02371541501976282,0.0,False
20260911T010000Z,2026-09-11T01:00:00Z,2026-09-11T01:00:00Z,0.0,2026-09-11T01:00:00Z,0.0,2026-09-11T01:00:01Z,1.0,4,1,481,0,0,123136,121.65911670902278,0.027932446915656328,0.03941710898652673,0.13311964069674906,1.9267385799903423,0.007139805913446288,1012.1395200863536,1980.0,2619.0,449.165,464.93649999999997,42.0,100.0,85.0,0.0,0.0,0.0,0.0,0.0,0.15,0.8,3.6,0.6712608666666667,2.8425466666666663,121,0.0,15.0,0.023554085665886904,0.0,False
20260911T013000Z,2026-09-11T01:30:00Z,2026-09-11T01:30:00Z,0.0,2026-09-11T01:30:00Z,0.0,2026-09-11T01:30:01Z,1.0,4,1,481,0,0,123136,121.66424890200142,0.02814129099715501,0.04198351700324565,0.13368604098036813,1.925501937046647,0.007138674027359515,1012.0968247556771,1980.0,2619.0,449.505,465.54200000000003,42.0,100.0,85.0,0.0,0.0,0.0,0.0,0.0,0.1,0.8,1.6,0.6709234000000001,2.8383382666666668,121,0.0,15.0,0.023271759296603967,0.0,False
20260911T020000Z,2026-09-11T02:00:00Z,2026-09-11T02:00:00Z,0.0,2026-09-11T02:00:00Z,0.0,2026-09-11T02:00:00Z,0.0,4,2,481,0,0,123136,121.66652439103927,0.028520844061858952,0.04133311193436384,0.14006566185152194,1.9204511400312185,0.007138343263125303,1012.0778958412405,1980.0,2619.0,449.255,463.592,42.0,100.0,85.0,0.0,0.0,0.0,0.05,0.0,0.05,0.8,0.8,0.6668308099173554,2.815996892561983,120,0.0,16.0,0.023312091635072973,0.0,False
20260911T023000Z,2026-09-11T02:30:00Z,2026-09-11T02:30:00Z,0.0,2026-09-11T02:30:00Z,0.0,2026-09-11T02:30:00Z,0.0,4,2,481,0,0,123136,121.66855386598036,0.027776535018347204,0.03801778797060251,0.11789453397598772,1.9221133110113442,0.007138569956627108,1012.0610140204021,1980.0,2619.0,456.56,471.16700000000003,50.0,100.0,85.0,0.0,0.0,0.0,0.0,0.0,0.05,0.8,1.2,0.6682595041322313,2.818903338842975,121,0.0,14.0,0.022182786157941448,0.0,False
20260911T030000Z,2026-09-11T03:00:00Z,2026-09-11T03:00:00Z,0.0,2026-09-11T03:00:00Z,0.0,2026-09-11T03:00:01Z,1.0,4,3,481,0,0,123136,121.66636836808175,0.028097095899283886,0.048174100928008556,0.15945968668456012,1.9286043300526217,0.007141371160818665,1012.0791937133532,1980.0,2619.0,460.89,476.29949999999997,52.0,100.0,85.0,0.0,0.0,0.0,0.05,0.0,0.05,0.8,1.2,0.6710124666666667,2.8420158,121,0.0,15.0,0.02371541501976282,0.0,False
20260911T033000Z,2026-09-11T03:30:00Z,2026-09-11T03:30:00Z,0.0,2026-09-11T03:30:00Z,0.0,2026-09-11T03:30:00Z,0.0,4,3,481,0,0,123136,121.6655447059311,0.028062828932888806,0.03752752207219601,0.1121738484064251,1.9235358579317108,0.007139871258507757,1012.0860453764707,1980.0,2619.0,456.835,472.08799999999997,49.0,100.0,85.0,0.0,0.0,0.0,0.05,0.0,0.1,0.8,0.8,0.6651163636363636,2.814811702479339,121,0.0,15.0,0.0217794627732516,0.0,False
20260911T040000Z,2026-09-11T04:00:00Z,2026-09-11T04:00:00Z,0.0,2026-09-11T04:00:00Z,0.0,2026-09-11T04:00:00Z,0.0,4,4,481,0,0,123136,121.66176018200349,0.02832509099971503,0.04534519603475928,0.17516786515136293,1.9289619049523026,0.007139947223385759,1012.11752826682,1980.0,2619.0,451.04499999999996,466.427,43.0,100.0,85.0,0.0,0.0,0.0,0.0,0.0,0.05,0.8,1.2,0.6673086,2.8384608,121,0.0,15.0,0.023271759296603967,0.0,False
20260911T043000Z,2026-09-11T04:30:00Z,2026-09-11T04:30:00Z,0.0,2026-09-11T04:30:00Z,0.0,2026-09-11T04:30:01Z,1.0,4,4,481,0,0,123136,121.66436916904058,0.028313533985055983,0.044109857990406454,0.14770704065103876,1.9270952540682629,0.0071421088783216536,1012.0958242829067,1980.0,2619.0,453.12,470.314,46.0,100.0,85.0,0.0,0.0,0.0,0.05,0.0,0.05,0.8,1.2,0.6712884,2.838358066666667,121,0.0,15.0,0.02335242397354198,0.0,False
20260911T050000Z,2026-09-11T05:00:00Z,2026-09-11T05:00:00Z,0.0,2026-09-11T05:00:00Z,0.0,2026-09-11T05:00:01Z,1.0,5,5,481,0,0,123136,121.66786533303093,0.02815148001536727,0.04174615500960499,0.12963054477962488,1.927202124032192,0.007138014403993593,1012.0667413942907,1980.0,2619.0,459.645,477.0435,52.0,100.0,85.0,0.0,0.0,0.0,0.05,0.0,0.05,0.819999999999999,1.2,0.6678199008264463,2.8152140165289254,121,0.0,14.0,0.022223118496410454,0.0,False
20260911T053000Z,2026-09-11T05:30:00Z,2026-09-11T05:30:00Z,0.0,2026-09-11T05:30:00Z,0.0,2026-09-11T05:30:00Z,0.0,5,5,481,0,0,123136,121.66409569198731,0.027704358915798366,0.03908068500459194,0.14089405840900343,1.9231507040094584,0.007143123105953575,1012.0980992760515,1980.0,2619.0,458.46500000000003,472.558,50.0,100.0,85.0,0.0,0.0,0.0,0.0,0.0,0.05,0.8,1.2,0.666380826446281,2.8145293223140495,121,0.0,15.0,0.023675082681293813,0.0,False
20260911T060000Z,2026-09-11T06:00:00Z,2026-09-11T06:00:00Z,0.0,2026-09-11T06:00:00Z,0.0,2026-09-11T06:00:01Z,1.0,5,6,481,0,0,123136,121.66843467904255,0.028400645009241998,0.041912498068995774,0.14037517909243685,1.9225973080610856,0.007139960638996141,1012.0620054398566,1980.0,2619.0,453.315,469.6215,46.0,100.0,85.0,0.0,0.0,0.0,0.05,0.0,0.1,0.819999999999999,2.0,0.671122,2.8384917333333335,121,0.0,15.0,0.021819795111720608,0.0,False
20260911T063000Z,2026-09-11T06:30:00Z,2026-09-11T06:30:00Z,0.0,2026-09-11T06:30:00Z,0.0,2026-09-11T06:30:01Z,1.0,5,6,481,0,0,123136,121.67080595495645,0.028128850972279906,0.037582411081530154,0.11726313971563068,1.9249083560425788,0.0071374173134601876,1012.0422810841409,1980.0,2619.0,452.18,466.91749999999996,45.0,100.0,85.0,0.0,0.0,0.0,0.0,0.0,0.05,0.8,1.6,0.6705041333333333,2.8380669333333333,121,0.0,14.0,0.022223118496410454,0.0,False
20260911T070000Z,2026-09-11T07:00:00Z,2026-09-11T07:00:00Z,0.0,2026-09-11T07:00:00Z,0.0,2026-09-11T07:00:01Z,1.0,5,7,481,0,0,123136,121.66689615300857,0.02783139201346785,0.040843618917278945,0.14010571199221522,1.9253014279529452,0.007143293353089807,1012.074803364293,1980.0,2619.0,458.3,474.758,51.0,100.0,85.0,0.0,0.0,0.0,0.05,0.0,0.1,0.8,1.2,0.6659688595041322,2.8159695867768595,121,0.0,15.0,0.02383641203516984,0.0,False
20260911T073000Z,2026-09-11T07:30:00Z,2026-09-11T07:30:00Z,0.0,2026-09-11T07:30:00Z,0.0,2026-09-11T07:30:00Z,0.0,5,7,481,0,0,123136,121.67879063205328,0.02856033993884921,0.050953367026522756,0.1716233019706435,1.930102125974372,0.007140264870580651,1011.9758699143649,1980.0,2619.0,457.655,472.734,50.0,100.0,85.0,0.0,0.0,0.0,0.0,0.0,0.05,0.8,1.2,0.6659002975206612,2.815840661157025,120,0.0,16.0,0.02323142695813507,0.0,False
20260911T080000Z,2026-09-11T08:00:00Z,2026-09-11T08:00:00Z,0.0,2026-09-11T08:00:00Z,0.0,2026-09-11T08:00:00Z,0.0,5,8,481,0,0,123136,121.66737550403923,0.028753696009516716,0.052230266970582306,0.1796596004692234,1.9283032789826393,0.007143117321709938,1012.0708159428656,1980.0,2619.0,457.95500000000004,474.526,50.0,100.0,85.0,0.0,0.0,0.0,0.0,0.0,0.05,1.2,1.6,0.6690434666666667,2.838277533333333,120,0.0,18.0,0.025853028958619073,0.0,False
20260911T083000Z,2026-09-11T08:30:00Z,2026-09-11T08:30:00Z,0.0,2026-09-11T08:30:00Z,0.0,2026-09-11T08:30:01Z,1.0,5,8,481,0,0,123136,121.67660751601215,0.028355335001833737,0.04557814705185592,0.15640898422221686,1.926856657024473,0.007147866681985119,1011.9940267384246,1980.0,2619.0,458.26,473.8745,50.0,100.0,85.0,0.0,0.0,0.0,0.0,0.0,0.05,0.819999999999999,1.6,0.6733744666666667,2.8388538666666667,121,0.0,15.0,0.021577801080906678,0.0,False
20260911T090000Z,2026-09-11T09:00:00Z,2026-09-11T09:00:00Z,0.0,2026-09-11T09:00:00Z,0.0,2026-09-11T09:00:00Z,0.0,5,9,481,0,0,123136,121.67128193902317,0.02881334093399346,0.056653367006219923,0.1916181777713799,1.9271653109462932,0.007145246200026104,1012.0383219247323,1980.0,2619.0,458.21500000000003,473.4535,50.0,100.0,85.0,0.0,0.0,0.0,0.05,0.0,0.05,0.8,1.2,0.665006479338843,2.8158543471074378,120,0.0,16.0,0.022707106558038204,0.0,False
20260911T093000Z,2026-09-11T09:30:00Z,2026-09-11T09:30:00Z,0.0,2026-09-11T09:30:00Z,0.0,2026-09-11T09:30:01Z,1.0,5,9,481,0,0,123136,121.66402174998075,0.028192094061523676,0.048821712960489094,0.15416180842665736,1.9275766729842871,0.00714794698846983,1012.0987143844724,1980.0,2619.0,458.275,473.89349999999996,50.0,100.0,85.0,0.0,0.0,0.0,0.05,0.0,0.2,0.8,4.0,0.6724368000000001,2.8394568,121,0.0,16.0,0.022102121481003434,0.0,False
20260911T100000Z,2026-09-11T10:00:00Z,2026-09-11T10:00:00Z,0.0,2026-09-11T10:00:00Z,0.0,2026-09-11T10:00:01Z,1.0,5,10,481,0,0,123136,121.66156834701542,0.028731499100103974,0.05911304405890405,0.23487816935595748,1.9491877319524065,0.0071397287255226104,1012.119124165645,1980.0,2619.0,449.405,465.5455,42.0,100.0,85.0,0.0,0.0,0.0,0.0,0.0,0.05,0.8,1.2,0.6701492,2.8391186,120,0.0,18.0,0.025691699604743046,0.0,False
20260911T103000Z,2026-09-11T10:30:00Z,2026-09-11T10:30:00Z,0.0,2026-09-11T10:30:01Z,1.0,2026-09-11T10:30:01Z,1.0,5,10,481,0,0,123136,121.70391316700261,0.03093071305193007,0.07163120398763567,0.29673269661015284,1.939614657079801,0.00714843897285926,1011.7669744195675,1980.0,2619.0,449.08,466.062,42.0,100.0,85.0,0.0,0.0,0.0,0.05,0.0,0.05,0.8,1.2,0.6606493223140496,2.8161810247933885,120,0.0,18.0,0.026780672743405676,0.0,False
20260911T110000Z,2026-09-11T11:00:00Z,2026-09-11T11:00:00Z,0.0,2026-09-11T11:00:00Z,0.0,2026-09-11T11:00:01Z,1.0,5,11,481,0,0,123136,121.66409996105358,0.02868882892653346,0.046964486013166606,0.16796845299671637,1.9233980119461194,0.007141107540833308,1012.0980637625856,1980.0,2619.0,449.75,466.20300000000003,43.0,100.0,85.0,0.0,0.0,0.0,0.0,0.0,0.05,0.8,0.8,0.67007,2.8382696666666667,121,0.0,16.0,0.022223118496410454,0.0,False
20260911T113000Z,2026-09-11T11:30:00Z,2026-09-11T11:30:00Z,0.0,2026-09-11T11:30:00Z,0.0,2026-09-11T11:30:01Z,1.0,5,11,481,0,0,123136,121.66087073402014,0.02825599000789225,0.053740692092105746,0.19132831702004097,1.9295690509025007,0.00713698957298024,1012.124927736255,1980.0,2619.0,449.315,466.2325,42.0,100.0,85.0,0.0,0.0,0.0,0.0,0.0,0.05,0.8,1.2,0.6693581333333333,2.8384834,121,0.0,15.0,0.0217794627732516,0.0,False
20260911T120000Z,2026-09-11T12:00:00Z,2026-09-11T12:00:00Z,0.0,2026-09-11T12:00:00Z,0.0,2026-09-11T12:00:01Z,1.0,5,12,481,0,0,123136,121.66297067399137,0.028876189957372844,0.045203467016108334,0.1846171979123674,1.9281556380447,0.007137922250994426,1012.1074581513858,1980.0,2619.0,449.765,465.686,42.0,100.0,85.0,0.0,0.0,0.0,0.0,0.0,0.05,0.8,1.6,0.6627611239669422,2.816175867768595,120,0.0,16.0,0.02323142695813507,0.0,False
20260911T123000Z,2026-09-11T12:30:00Z,2026-09-11T12:30:00Z,0.0,2026-09-11T12:30:00Z,0.0,2026-09-11T12:30:00Z,0.0,5,12,481,0,0,123136,121.6700598540483,0.028169790050014853,0.04588725103531033,0.15232158051150865,1.9236561809666455,0.007138469862733402,1012.048487094608,1980.0,2619.0,448.95,465.417,42.0,100.0,85.0,0.0,0.0,0.0,0.0,0.0,0.05,0.8,1.2,0.6637667438016529,2.8146748429752066,121,0.0,16.0,0.022102121481003434,0.0,False
20260911T130000Z,2026-09-11T13:00:00Z,2026-09-11T13:00:00Z,0.0,2026-09-11T13:00:00Z,0.0,2026-09-11T13:00:01Z,1.0,5,13,481,0,0,123136,121.66999548196327,0.028984004980884492,0.060816286015324295,0.21137142345705634,1.9309783519711345,0.007144724254898142,1012.04902254027,1980.0,2619.0,457.79999999999995,473.249,51.0,100.0,85.0,0.0,0.0,0.0,0.05,0.0,0.05,0.8,1.2,0.6699624000000001,2.8389617333333335,121,0.0,16.0,0.022223118496410454,0.0,False
20260911T133000Z,2026-09-11T13:30:00Z,2026-09-11T13:30:00Z,0.0,2026-09-11T13:30:00Z,0.0,2026-09-11T13:30:01Z,1.0,5,13,481,0,0,123136,121.69157950591762,0.029836271074600518,0.0666265549371019,0.26771084007103346,1.9446215410716832,0.00714093562370787,1011.869518827407,1980.0,2619.0,449.53499999999997,465.732,43.0,100.0,85.0,0.0,0.0,0.0,0.0,0.0,0.05,0.8,1.2,0.6704256,2.8399932000000003,120,0.0,18.0,0.02625635234330892,0.0,False
20260911T140000Z,2026-09-11T14:00:00Z,2026-09-11T14:00:00Z,0.0,2026-09-11T14:00:00Z,0.0,2026-09-11T14:00:00Z,0.0,5,14,481,0,0,123136,121.66525727999397,0.029091494041495025,0.06237472896464169,0.23576158490786822,1.927964234026149,0.007142852313871331,1012.0884363612641,1980.0,2619.0,454.45,469.27650000000006,47.0,100.0,85.0,0.0,0.0,0.0,0.05,0.0,0.05,0.8,1.2,0.6674117333333333,2.8389175333333334,120,0.0,16.0,0.02323142695813507,0.0,False
20260911T143000Z,2026-09-11T14:30:00Z,2026-09-11T14:30:00Z,0.0,2026-09-11T14:30:00Z,0.0,2026-09-11T14:30:01Z,1.0,5,14,481,0,0,123136,121.667826532037,0.028627473046071827,0.04818021098617464,0.17184192947708612,1.9288981999270618,0.007137620654961496,1012.0670641517247,1980.0,2619.0,449.395,464.651,42.0,100.0,85.0,0.0,0.0,0.0,0.05,0.0,0.05,0.8,1.21,0.6721790666666666,2.8387876000000003,121,0.0,15.0,0.021940792127127517,0.0,False
20260911T150000Z,2026-09-11T15:00:00Z,2026-09-11T15:00:00Z,0.0,2026-09-11T15:00:00Z,0.0,2026-09-11T15:00:01Z,1.0,5,15,481,0,0,123136,121.67735266103409,0.0286848220275715,0.05052647099364549,0.18519629179103747,1.9298993879929185,0.007136964097655579,1011.9878293459373,1980.0,2619.0,454.315,470.8075,47.0,100.0,85.0,0.0,0.0,0.0,0.0,0.0,0.05,0.8,1.2,0.668224,2.8386446000000003,121,0.0,16.0,0.02226345083487946,0.0,False
20260911T153000Z,2026-09-11T15:30:00Z,2026-09-11T15:30:00Z,0.0,2026-09-11T15:30:00Z,0.0,2026-09-11T15:30:01Z,1.0,5,15,481,0,0,123136,121.66356689401437,0.02826379402540624,0.04543383501004428,0.15850347873392762,1.9249867359176278,0.007139131733599831,1012.1024982546198,1980.0,2619.0,449.265,465.39549999999997,42.0,100.0,85.0,0.0,0.0,0.0,0.05,0.0,0.05,0.8,1.2,0.663012958677686,2.815946909090909,121,0.0,15.0,0.02311042994272805,0.0,False
20260911T160000Z,2026-09-11T16:00:00Z,2026-09-11T16:00:00Z,0.0,2026-09-11T16:00:00Z,0.0,2026-09-11T16:00:01Z,1.0,5,16,481,0,0,123136,121.67365327791777,0.02958508499432355,0.050584090990014374,0.16245561715882778,1.9244508030824363,0.007138419227546775,1012.018597968305,1980.0,2619.0,449.495,466.24250000000006,42.0,100.0,85.0,0.0,0.0,0.0,0.0,0.0,0.15,0.8,3.6,0.6674974666666667,2.838510933333333,120,0.0,16.0,0.023312091635072973,0.0,False
20260911T163000Z,2026-09-11T16:30:00Z,2026-09-11T16:30:00Z,0.0,2026-09-11T16:30:00Z,0.0,2026-09-11T16:30:01Z,1.0,5,16,481,0,0,123136,121.6783500550082,0.030957832001149654,0.07130033103749156,0.26209098075048004,1.9369136519962922,0.00713903938794472,1011.9795341104874,1980.0,2619.0,449.03,465.723,42.0,100.0,85.0,0.0,0.0,0.0,0.05,0.0,0.05,0.8,0.8,0.6694309333333334,2.8387253333333335,120,0.0,18.0,0.02625635234330892,0.0,False
20260911T170001Z,2026-09-11T17:00:01Z,2026-09-11T17:00:00Z,1.0,2026-09-11T17:00:01Z,1.0,2026-09-11T17:00:01Z,1.0,5,17,481,0,0,123136,121.66566757904366,0.030314533039927483,0.06796460109762847,0.24932429131602765,1.927099009975791,0.007145609329545907,1012.0850232461931,1980.0,2619.0,449.505,466.3865,42.0,100.0,85.0,0.0,0.0,0.0,0.05,0.0,0.1,0.8,2.4,0.660787041322314,2.8157188099173553,120,0.0,18.0,0.02577236428168106,0.0,False
20260911T173000Z,2026-09-11T17:30:00Z,2026-09-11T17:30:00Z,0.0,2026-09-11T17:30:00Z,0.0,2026-09-11T17:30:01Z,1.0,5,17,481,0,0,123136,121.69073890091386,0.029671955038793385,0.06596974295098335,0.27361543181146214,1.938005478004925,0.007137271345081721,1011.87650853417,1980.0,2619.0,450.225,466.8225,43.0,100.0,85.0,0.0,0.0,0.0,0.05,0.0,0.05,0.8,1.6,0.6676313333333334,2.8401264,120,0.0,18.0,0.026538678712591746,0.0,False
20260911T180000Z,2026-09-11T18:00:00Z,2026-09-11T18:00:00Z,0.0,2026-09-11T18:00:00Z,0.0,2026-09-11T18:00:01Z,1.0,5,18,481,0,0,123136,121.69128154602367,0.03157811600249261,0.06914722197689116,0.2633088345943308,1.9403887540102005,0.007141613094227425,1011.8719963798716,1980.0,2619.0,448.78,465.2435,42.0,100.0,85.0,0.0,0.0,0.0,0.0,0.0,0.1,0.8,2.0,0.6654429333333334,2.8390307999999997,120,0.0,17.0,0.02589336129708797,0.0,False
20260911T183000Z,2026-09-11T18:30:00Z,2026-09-11T18:30:00Z,0.0,2026-09-11T18:30:00Z,0.0,2026-09-11T18:30:00Z,0.0,5,18,481,0,0,123136,121.66827642801218,0.0318733750609681,0.07218776596710086,0.3013161386179491,1.9439629230182618,0.007137542694131387,1012.063321804811,1980.0,2619.0,449.015,466.01099999999997,42.0,100.0,85.0,0.0,0.0,0.0,0.0,0.0,0.05,0.8,1.2,0.6587510082644629,2.8149516694214873,120,0.0,18.0,0.02661934338952976,0.0,False
20260911T190000Z,2026-09-11T19:00:00Z,2026-09-11T19:00:00Z,0.0,2026-09-11T19:00:00Z,0.0,2026-09-11T19:00:00Z,0.0,5,19,481,0,0,123136,121.66126967396121,0.029671643977053463,0.053753679036162794,0.18596406279860742,1.926783089991659,0.007135597811372695,1012.1216088734805,1980.0,2619.0,448.685,465.79349999999994,42.0,100.0,85.0,0.0,0.0,0.0,0.0,0.0,0.05,0.8,1.2,0.6691362666666667,2.839756066666667,120,0.0,16.0,0.02323142695813507,0.0,False
20260911T193000Z,2026-09-11T19:30:00Z,2026-09-11T19:30:00Z,0.0,2026-09-11T19:30:00Z,0.0,2026-09-11T19:30:01Z,1.0,5,19,481,0,0,123136,121.67633998708334,0.029151380993425846,0.06346666801255196,0.2296849899652646,1.929549282998778,0.00714097328611887,1011.9962518027055,1980.0,2619.0,449.325,464.77549999999997,42.0,100.0,85.0,0.0,0.0,0.0,0.05,0.0,0.05,0.8,1.2,0.6675797333333333,2.8391646666666666,120,0.0,18.0,0.02625635234330892,0.0,False
20260911T200000Z,2026-09-11T20:00:00Z,2026-09-11T20:00:00Z,0.0,2026-09-11T20:00:00Z,0.0,2026-09-11T20:00:01Z,1.0,5,20,481,0,0,123136,121.66539105796255,0.029449983965605497,0.05762555100955069,0.21646719696980635,1.9330572170438245,0.007137012423253527,1012.0873235128702,1980.0,2619.0,448.91999999999996,465.743,42.0,100.0,85.0,0.0,0.0,0.0,0.05,0.0,0.05,0.8,1.6,0.6716828,2.8383972666666666,120,0.0,16.0,0.02323142695813507,0.0,False
20260911T203000Z,2026-09-11T20:30:00Z,2026-09-11T20:30:00Z,0.0,2026-09-11T20:30:01Z,1.0,2026-09-11T20:30:01Z,1.0,5,20,481,0,0,123136,121.67476686893497,0.03158621594775468,0.062338477931916714,0.25760546630896564,1.9306334749562666,0.007142086847064396,1012.0093357782147,1980.0,2619.0,449.48,465.134,42.0,100.0,85.0,0.0,0.0,0.0,0.05,0.0,0.05,0.8,0.8,0.6598891900826446,2.8153821487603303,120,0.0,17.0,0.025369040896991213,0.0,False
20260911T210000Z,2026-09-11T21:00:00Z,2026-09-11T21:00:00Z,0.0,2026-09-11T21:00:00Z,0.0,2026-09-11T21:00:01Z,1.0,5,21,481,0,0,123136,121.67559029499535,0.029817673028446734,0.06483007397037,0.2592233599683151,1.937865537009202,0.00714009691385881,1012.0024871172926,1980.0,2619.0,448.64,464.70149999999995,42.0,100.0,85.0,0.0,0.0,0.0,0.1,0.0,0.05,0.8,1.6,0.6626175867768594,2.8152935537190085,120,0.0,18.0,0.02577236428168106,0.0,False
20260911T213000Z,2026-09-11T21:30:00Z,2026-09-11T21:30:00Z,0.0,2026-09-11T21:30:00Z,0.0,2026-09-11T21:30:00Z,0.0,5,21,481,0,0,123136,121.66641536506359,0.02839715708978474,0.049556080950424075,0.1712766510321402,1.9274029090302065,0.007137007764814531,1012.0788027700733,1980.0,2619.0,458.3,475.3215,50.0,100.0,85.0,0.0,0.0,0.0,0.0,0.0,0.05,0.8,1.2,0.6698276,2.8384787333333334,121,0.0,16.0,0.022223118496410454,0.0,False
20260911T220000Z,2026-09-11T22:00:00Z,2026-09-11T22:00:00Z,0.0,2026-09-11T22:00:00Z,0.0,2026-09-11T22:00:01Z,1.0,5,22,481,0,0,123136,121.6997178819729,0.030783205991610885,0.07660079200286418,0.30617201343014483,1.943644567974843,0.007140427282280928,1011.8018524859691,1980.0,2619.0,458.13,473.30649999999997,50.0,100.0,85.0,0.0,0.0,0.0,0.05,0.0,0.05,0.8,1.2,0.6636537333333333,2.8388778666666665,120,0.0,18.0,0.026821005081874683,0.0,False
20260911T223000Z,2026-09-11T22:30:00Z,2026-09-11T22:30:00Z,0.0,2026-09-11T22:30:00Z,0.0,2026-09-11T22:30:01Z,1.0,5,22,481,0,0,123136,121.6798308469588,0.030070272041484714,0.057754068984650075,0.21990231076636083,1.930270301993005,0.007140921050792231,1011.9672187486246,1980.0,2619.0,448.38,465.0825,42.0,100.0,85.0,0.0,0.0,0.0,0.0,0.0,0.05,0.8,1.2,0.6682914666666667,2.8388754,120,0.0,18.0,0.026417681697184836,0.0,False
20260911T230000Z,2026-09-11T23:00:00Z,2026-09-11T23:00:00Z,0.0,2026-09-11T23:00:00Z,0.0,2026-09-11T23:00:01Z,1.0,5,23,481,0,0,123136,121.66344148607459,0.02847957902122289,0.04976206901483238,0.170503192292396,1.9220202169381082,0.007136406093908876,1012.103541507117,1980.0,2619.0,455.21000000000004,469.80150000000003,47.0,100.0,85.0,0.0,0.0,0.0,0.0,0.0,0.05,0.8,2.0,0.6704973333333334,2.839512533333333,120,0.0,16.0,0.022586109542631294,0.0,False
20260911T233000Z,2026-09-11T23:30:00Z,2026-09-11T23:30:00Z,0.0,2026-09-11T23:30:00Z,0.0,2026-09-11T23:30:00Z,0.0,5,23,481,0,0,123136,121.66766069596633,0.028476375970058143,0.042118747951462865,0.14679094480025723,1.9296834010165185,0.007136544380245694,1012.0684436244967,1980.0,2619.0,449.485,464.683,42.0,100.0,85.0,0.0,0.0,0.0,0.0,0.0,0.05,0.8,0.8,0.6704786666666667,2.838579466666667,121,0.0,16.0,0.02226345083487946,0.0,False
20260912T000000Z,2026-09-12T00:00:00Z,2026-09-12T00:00:00Z,0.0,2026-09-12T00:00:00Z,0.0,2026-09-12T00:00:01Z,1.0,5,0,481,0,0,123136,121.66651745000854,0.03121050400659442,0.07333551906049252,0.2742601039336224,1.9378386029275134,0.007141120913529805,1012.0779535799178,1980.0,2619.0,458.46500000000003,475.74500000000006,50.0,100.0,85.0,0.0,0.0,0.0,0.0,0.0,0.1,0.8,1.2,0.6642998666666667,2.8390481333333333,120,0.0,17.0,0.025570702589336136,0.0,False
20260912T003000Z,2026-09-12T00:30:00Z,2026-09-12T00:30:00Z,0.0,2026-09-12T00:30:00Z,0.0,2026-09-12T00:30:01Z,1.0,5,0,481,0,0,123136,121.65941588603891,0.03024210804142058,0.05497944098897278,0.2090746127481381,1.9308168579591438,0.00714096012936138,1012.137031097899,1980.0,2619.0,448.855,465.2545,42.0,100.0,85.0,0.0,0.0,0.0,0.05,0.0,0.1,0.8,4.0,0.6701700666666667,2.8386237999999997,120,0.0,18.0,0.02589336129708797,0.0,False
20260912T010000Z,2026-09-12T01:00:00Z,2026-09-12T01:00:00Z,0.0,2026-09-12T01:00:00Z,0.0,2026-09-12T01:00:01Z,1.0,5,1,481,0,0,123136,121.67229339294136,0.031179226003587246,0.06542944302782416,0.28906543078162916,1.9388744439929724,0.007133910035276238,1012.0299089155129,1980.0,2619.0,449.155,463.731,42.0,100.0,85.0,0.0,0.0,0.0,0.0,0.0,0.05,0.8,1.2,0.6592059504132232,2.8155492231404957,120,0.0,17.0,0.02577236428168106,0.0,False
20260912T013000Z,2026-09-12T01:30:00Z,2026-09-12T01:30:00Z,0.0,2026-09-12T01:30:00Z,0.0,2026-09-12T01:30:01Z,1.0,5,1,481,0,0,123136,121.66126881004311,0.028787826071493328,0.060362341930158436,0.19890110690286228,1.923272495972924,0.007137779960883599,1012.1216160605679,1980.0,2619.0,449.45500000000004,465.87800000000004,42.0,100.0,85.0,0.0,0.0,0.0,0.05,0.0,0.05,0.8,0.8,0.6693348,2.8387164,120,0.0,16.0,0.02274743889650721,0.0,False
20260912T020000Z,2026-09-12T02:00:00Z,2026-09-12T02:00:00Z,0.0,2026-09-12T02:00:00Z,0.0,2026-09-12T02:00:01Z,1.0,5,2,481,0,0,123136,121.66587852593511,0.02936044300440699,0.05661184107884765,0.2612432755771059,1.9364983820123598,0.007139434356826777,1012.0832684716241,1980.0,2619.0,449.89,465.255,42.0,100.0,85.0,0.0,0.0,0.0,0.0,0.0,0.05,0.8,1.2,0.670592,2.8396696666666665,120,0.0,16.0,0.023070097604259043,0.0,False
20260912T023000Z,2026-09-12T02:30:00Z,2026-09-12T02:30:00Z,0.0,2026-09-12T02:30:00Z,0.0,2026-09-12T02:30:01Z,1.0,5,2,481,0,0,123136,121.71546637301799,0.029261536081321537,0.05583524203393608,0.2060427353171709,1.9267376100178808,0.007138135710128528,1011.6709377149207,1980.0,2619.0,449.4,466.0555,42.0,100.0,85.0,0.0,0.0,0.0,0.05,0.0,0.05,0.8,1.2,0.6734129333333333,2.8387496666666667,120,0.0,16.0,0.023150762281197057,0.0,False
20260912T030000Z,2026-09-12T03:00:00Z,2026-09-12T03:00:00Z,0.0,2026-09-12T03:00:00Z,0.0,2026-09-12T03:00:00Z,0.0,5,3,481,0,0,123136,121.66033136798069,0.028322736034169793,0.044163836049847305,0.14479673971877854,1.925407420960255,0.00713849761979837,1012.1294148670031,1980.0,2619.0,449.505,466.05899999999997,43.0,100.0,85.0,0.0,0.0,0.0,0.0,0.0,0.05,0.8,1.2,0.666534479338843,2.8150442975206613,121,0.0,15.0,0.021940792127127517,0.0,False
20260912T033000Z,2026-09-12T03:30:00Z,2026-09-12T03:30:00Z,0.0,2026-09-12T03:30:00Z,0.0,2026-09-12T03:30:01Z,1.0,5,3,481,0,0,123136,121.67582181794569,0.028622891986742616,0.04521543101873249,0.1471752619168684,1.9217026700498536,0.007140262596144834,1012.0005614939595,1980.0,2619.0,449.895,465.7725,43.0,100.0,85.0,0.0,0.0,0.0,0.05,0.0,0.2,0.8,4.0,0.6692984000000001,2.838581733333333,121,0.0,15.0,0.021940792127127517,0.0,False
20260912T040000Z,2026-09-12T04:00:00Z,2026-09-12T04:00:00Z,0.0,2026-09-12T04:00:00Z,0.0,2026-09-12T04:00:01Z,1.0,5,4,481,0,0,123136,121.66943554603495,0.02859724103473127,0.04304855805821717,0.15743839063544893,1.9254849809221923,0.007140580940918595,1012.0536800995527,1980.0,2619.0,450.115,466.5255,43.0,100.0,85.0,0.0,0.0,0.0,0.0,0.0,0.15,0.8,3.2,0.6623279338842974,2.8151711074380166,120,0.0,16.0,0.022586109542631294,0.0,False
20260912T043000Z,2026-09-12T04:30:00Z,2026-09-12T04:30:00Z,0.0,2026-09-12T04:30:00Z,0.0,2026-09-12T04:30:00Z,0.0,5,4,481,0,0,123136,121.6664358319249,0.02856058394536376,0.046694610035046935,0.16740059802450716,1.9260630739154294,0.007135932639186435,1012.0786325170667,1980.0,2619.0,449.385,466.23300000000006,43.0,100.0,85.0,0.0,0.0,0.0,0.05,0.0,0.1,0.8,2.4,0.6733511333333333,2.839275466666667,121,0.0,16.0,0.022102121481003434,0.0,False
20260912T050000Z,2026-09-12T05:00:00Z,2026-09-12T05:00:00Z,0.0,2026-09-12T05:00:00Z,0.0,2026-09-12T05:00:01Z,1.0,6,5,481,0,0,123136,121.67229813407175,0.029753195005469024,0.05445923609659076,0.19402309403446294,1.9269190130289644,0.007141445408228274,1012.0298694803593,1980.0,2619.0,449.53499999999997,465.501,43.0,100.0,85.0,0.0,0.0,0.0,0.05,0.0,0.05,0.8,0.8,0.6693872666666667,2.8386207999999997,120,0.0,16.0,0.023029765265790147,0.0,False
20260912T053000Z,2026-09-12T05:30:00Z,2026-09-12T05:30:00Z,0.0,2026-09-12T05:30:00Z,0.0,2026-09-12T05:30:01Z,1.0,6,5,481,0,0,123136,121.6659897499485,0.02886564703658223,0.05194910801947117,0.18710244769291676,1.9255603299243376,0.007140334384223702,1012.0823432503423,1980.0,2619.0,448.70000000000005,465.66400000000004,42.0,100.0,85.0,0.0,0.0,0.0,0.0,0.0,0.05,0.8,1.2,0.6712250666666667,2.8389036666666665,121,0.0,16.0,0.022182786157941448,0.0,False
20260912T060000Z,2026-09-12T06:00:00Z,2026-09-12T06:00:00Z,0.0,2026-09-12T06:00:00Z,0.0,2026-09-12T06:00:01Z,1.0,6,6,481,0,0,123136,121.66184989595786,0.029817979084327817,0.05089443793985993,0.17842920598280423,1.9259572109440342,0.007138993839422862,1012.1167819271432,1980.0,2619.0,449.935,465.13300000000004,42.0,100.0,85.0,0.0,0.0,0.0,0.05,0.0,0.05,0.8,1.2,0.6641651570247934,2.8151026115702478,120,0.0,16.0,0.02274743889650721,0.0,False
20260912T063000Z,2026-09-12T06:30:00Z,2026-09-12T06:30:00Z,0.0,2026-09-12T06:30:00Z,0.0,2026-09-12T06:30:01Z,1.0,6,6,481,0,0,123136,121.67208810395095,0.029315680032595992,0.07725742307957262,0.3719382305462478,1.9548476800555363,0.0071441727567135415,1012.031616444343,1980.0,2619.0,449.85,465.832,43.0,100.0,85.0,0.0,0.0,0.0,0.0,0.0,0.05,0.8,1.2,0.6579764666666666,2.8389426666666666,120,0.0,18.0,0.026659675727998655,0.0,False
20260912T070000Z,2026-09-12T07:00:00Z,2026-09-12T07:00:00Z,0.0,2026-09-12T07:00:00Z,0.0,2026-09-12T07:00:01Z,1.0,6,7,481,0,0,123136,121.71749515109695,0.033654001890681684,0.07966087304521352,0.304427447442532,1.9468791780527681,0.007144974674299067,1011.6540752596178,1980.0,2619.0,449.44,464.98499999999996,42.0,100.0,85.0,0.0,0.0,0.0,0.0,0.0,0.05,0.8,1.2,0.6533951735537189,2.812307504132231,120,0.0,14.0,0.022223118496410454,0.0,False
20260912T073000Z,2026-09-12T07:30:00Z,2026-09-12T07:30:00Z,0.0,2026-09-12T07:30:00Z,0.0,2026-09-12T07:30:01Z,1.0,6,7,481,0,0,123136,121.66472314007115,0.029207470011897385,0.07366348605137318,0.25742346620064327,1.9334668379742652,0.007142138615816685,1012.0928796939355,1980.0,2619.0,450.08000000000004,465.037,42.0,100.0,85.0,0.0,0.0,0.0,0.05,0.0,0.05,0.8289999999999991,1.2,0.6717791999999999,2.8397146,120,0.0,17.0,0.024481729450673506,0.0,False
20260912T080000Z,2026-09-12T08:00:00Z,2026-09-12T08:00:00Z,0.0,2026-09-12T08:00:00Z,0.0,2026-09-12T08:00:01Z,1.0,6,8,481,0,0,123136,121.67448680999223,0.03185368492268026,0.08320496592205018,0.3203182620029621,1.959619986009784,0.007135061039041509,1012.0116651265608,1980.0,2619.0,449.71500000000003,465.803,43.0,100.0,85.0,0.0,0.0,0.0,0.05,0.0,0.05,0.819999999999999,2.0,0.6663123333333334,2.8394606000000002,120,0.0,17.0,0.025490037912398122,0.0,False
20260912T083000Z,2026-09-12T08:30:00Z,2026-09-12T08:30:00Z,0.0,2026-09-12T08:30:00Z,0.0,2026-09-12T08:30:00Z,0.0,6,8,481,0,0,123136,121.66963706200477,0.028489487012848258,0.04426515998784453,0.13576451956915686,1.927289991057478,0.007136565662792646,1012.0520038803761,1980.0,2619.0,448.83,465.3885,42.0,100.0,85.0,0.0,0.0,0.0,0.0,0.0,0.15,0.8,3.6,0.6650423140495868,2.815067438016529,121,0.0,16.0,0.022102121481003434,0.0,False
20260912T090000Z,2026-09-12T09:00:00Z,2026-09-12T09:00:00Z,0.0,2026-09-12T09:00:00Z,0.0,2026-09-12T09:00:00Z,0.0,6,9,481,0,0,123136,121.66716851794627,0.03201340895611793,0.06259388104081154,0.23888818720184438,1.9362885549198836,0.007137357819752366,1012.0725377268649,1980.0,2619.0,449.70500000000004,465.27,43.0,100.0,85.0,0.0,0.0,0.0,0.0,0.0,0.05,0.8,1.2,0.668433,2.8394022666666667,120,0.0,18.0,0.02686133742034358,0.0,False
20260912T093000Z,2026-09-12T09:30:00Z,2026-09-12T09:30:00Z,0.0,2026-09-12T09:30:00Z,0.0,2026-09-12T09:30:01Z,1.0,6,9,481,0,0,123136,121.66079507803079,0.028990211081691086,0.043910415028221905,0.15992816588012929,1.9270677920430899,0.007138491647007565,1012.1255571363236,1980.0,2619.0,449.905,465.80749999999995,43.0,100.0,85.0,0.0,0.0,0.0,0.0,0.0,0.05,0.8,0.8,0.6725842666666667,2.8396596666666665,120,0.0,16.0,0.023070097604259043,0.0,False
20260912T100000Z,2026-09-12T10:00:00Z,2026-09-12T10:00:00Z,0.0,2026-09-12T10:00:00Z,0.0,2026-09-12T10:00:01Z,1.0,6,10,481,0,0,123136,121.66604308690876,0.030000688042491674,0.0659396459814161,0.24413794559931035,1.934891271055676,0.007139163180345706,1012.0818995653636,1980.0,2619.0,449.79499999999996,465.6885,42.0,100.0,85.0,0.0,0.0,0.0,0.0,0.0,0.05,0.8,1.2,0.665679,2.839098133333333,120,0.0,16.0,0.02323142695813507,0.0,False
20260912T103000Z,2026-09-12T10:30:00Z,2026-09-12T10:30:00Z,0.0,2026-09-12T10:30:00Z,0.0,2026-09-12T10:30:01Z,1.0,6,10,481,0,0,123136,121.66464523901232,0.028450216981582344,0.06144887499976903,0.19582527869620542,1.9279792190063745,0.007137325078742031,1012.093527730239,1980.0,2619.0,449.595,465.9605,42.0,100.0,85.0,0.0,0.0,0.0,0.05,0.0,0.05,0.8,1.2,0.6622520991735538,2.8146859504132236,120,0.0,16.0,0.022586109542631294,0.0,False
20260912T110000Z,2026-09-12T11:00:00Z,2026-09-12T11:00:00Z,0.0,2026-09-12T11:00:00Z,0.0,2026-09-12T11:00:00Z,0.0,6,11,481,0,0,123136,121.66995457501616,0.028832222102209926,0.04834157507866621,0.1677135928344484,1.924720390001312,0.007138046941391247,1012.049362803698,1980.0,2619.0,449.91999999999996,465.40799999999996,43.0,100.0,85.0,0.0,0.0,0.0,0.05,0.0,0.05,0.8,0.8,0.6729597333333333,2.8396317333333334,121,0.0,16.0,0.02250544486569328,0.0,False
20260912T113000Z,2026-09-12T11:30:00Z,2026-09-12T11:30:00Z,0.0,2026-09-12T11:30:00Z,0.0,2026-09-12T11:30:01Z,1.0,6,11,481,0,0,123136,121.68679928302299,0.02833141596056521,0.043777399929240346,0.1373214886511229,1.9246048670029268,0.007138846658498925,1011.9092681006953,1980.0,2619.0,449.075,465.80800000000005,42.0,100.0,85.0,0.0,0.0,0.0,0.0,0.0,0.05,0.8,1.2,0.6741689333333334,2.8387872666666665,121,0.0,15.0,0.021940792127127517,0.0,False
20260912T120000Z,2026-09-12T12:00:00Z,2026-09-12T12:00:00Z,0.0,2026-09-12T12:00:00Z,0.0,2026-09-12T12:00:01Z,1.0,6,12,481,0,0,123136,121.66487465193495,0.03030951996333897,0.06769045896362513,0.26215210738711203,1.9426710039842874,0.007146142611700092,1012.0916193130821,1980.0,2619.0,449.53,466.28499999999997,42.0,100.0,85.0,0.0,0.0,0.0,0.0,0.0,0.05,0.8,0.8,0.6651008666666667,2.8398133333333333,120,0.0,18.0,0.026337017020246822,0.0,False
20260912T123001Z,2026-09-12T12:30:01Z,2026-09-12T12:30:00Z,1.0,2026-09-12T12:30:01Z,1.0,2026-09-12T12:30:01Z,1.0,6,12,481,0,0,123136,121.66488132998347,0.028311280068010092,0.05426045903004706,0.19987131199706742,1.9329095870489255,0.007138984937531252,1012.0915637605112,1980.0,2619.0,449.08500000000004,464.8945,42.0,100.0,85.0,0.0,0.0,0.0,0.05,0.0,0.05,0.8,1.58,0.6677221157024794,2.8152050909090907,121,0.0,15.0,0.021819795111720608,0.0,False
20260912T130000Z,2026-09-12T13:00:00Z,2026-09-12T13:00:00Z,0.0,2026-09-12T13:00:00Z,0.0,2026-09-12T13:00:00Z,0.0,6,13,481,0,0,123136,121.67385442799423,0.02908263902645558,0.06525171198882163,0.24569603561213285,1.9339669320033863,0.007136143242721172,1012.0169249086381,1980.0,2619.0,449.80499999999995,466.04900000000004,43.0,100.0,85.0,0.0,0.0,0.0,0.05,0.0,0.05,0.8,1.2,0.6660005289256198,2.8151039338842976,120,0.0,16.0,0.023191094619666064,0.0,False
20260912T133000Z,2026-09-12T13:30:00Z,2026-09-12T13:30:00Z,0.0,2026-09-12T13:30:00Z,0.0,2026-09-12T13:30:00Z,0.0,6,13,481,0,0,123136,121.67570467304904,0.029098586062900722,0.05928772792685777,0.21272716295461838,1.9269228370394558,0.007138337246964083,1012.0015358109072,1980.0,2619.0,448.825,465.2175,42.0,100.0,85.0,0.0,0.0,0.0,0.05,0.0,0.05,0.8,1.2,0.6726277333333333,2.8397868666666666,120,0.0,16.0,0.023070097604259043,0.0,False
20260912T140000Z,2026-09-12T14:00:00Z,2026-09-12T14:00:00Z,0.0,2026-09-12T14:00:00Z,0.0,2026-09-12T14:00:01Z,1.0,6,14,481,0,0,123136,121.66536458302289,0.030115658999420702,0.06456516799516976,0.22701243684885303,1.934825786971487,0.007137917572468081,1012.0875437476996,1980.0,2619.0,449.135,464.76800000000003,42.0,100.0,85.0,0.0,0.0,0.0,0.05,0.0,0.05,0.8,1.2,0.6718591333333332,2.839120466666667,120,0.0,18.0,0.02577236428168106,0.0,False
20260912T143000Z,2026-09-12T14:30:00Z,2026-09-12T14:30:00Z,0.0,2026-09-12T14:30:00Z,0.0,2026-09-12T14:30:01Z,1.0,6,14,481,0,0,123136,121.66676325793378,0.02826251497026533,0.048639548011124134,0.17992380448676717,1.9248031820170581,0.00713499991414959,1012.0759088408676,1980.0,2619.0,448.795,465.7545,42.0,100.0,85.0,0.0,0.0,0.0,0.0,0.0,0.05,0.8,1.6,0.6693106,2.8384811333333335,121,0.0,16.0,0.022061789142534538,0.0,False
20260912T150000Z,2026-09-12T15:00:00Z,2026-09-12T15:00:00Z,0.0,2026-09-12T15:00:00Z,0.0,2026-09-12T15:00:00Z,0.0,6,15,481,0,0,123136,121.66202988498844,0.02893614792264998,0.05594222492072731,0.21524660502671805,1.9309115539072081,0.007139763415462392,1012.1152845830778,1980.0,2619.0,449.105,464.1385,42.0,100.0,85.0,0.0,0.0,0.0,0.0,0.0,0.05,0.8,1.2,0.6696654000000001,2.8393122666666666,120,0.0,16.0,0.02274743889650721,0.0,False
20260912T153000Z,2026-09-12T15:30:00Z,2026-09-12T15:30:00Z,0.0,2026-09-12T15:30:00Z,0.0,2026-09-12T15:30:01Z,1.0,6,15,481,0,0,123136,121.66263315500692,0.02877473400440067,0.0476009949343279,0.16236134169519467,1.9258768629515544,0.007140468466826076,1012.1102659607565,1980.0,2619.0,449.755,466.286,43.0,100.0,85.0,0.0,0.0,0.0,0.0,0.0,0.05,0.8,1.2,0.6727212666666668,2.8395518666666666,120,0.0,16.0,0.022586109542631294,0.0,False
20260912T160000Z,2026-09-12T16:00:00Z,2026-09-12T16:00:00Z,0.0,2026-09-12T16:00:00Z,0.0,2026-09-12T16:00:00Z,0.0,6,16,481,0,0,123136,121.66772760404274,0.02915634703822434,0.052267503924667835,0.18648145830374394,1.9261274440214038,0.0071373328429592,1012.067887063163,1980.0,2619.0,449.975,464.9015,43.0,100.0,85.0,0.0,0.0,0.0,0.05,0.0,0.05,0.8,1.2,0.6673344132231406,2.81530426446281,120,0.0,16.0,0.022586109542631294,0.0,False
20260912T163000Z,2026-09-12T16:30:00Z,2026-09-12T16:30:00Z,0.0,2026-09-12T16:30:00Z,0.0,2026-09-12T16:30:01Z,1.0,6,16,481,0,0,123136,121.66918842110317,0.028927435050718486,0.05289870302658528,0.1794597441941955,1.9281849120743573,0.007139185450825037,1012.0557357037685,1980.0,2619.0,449.98,463.36449999999996,42.0,100.0,85.0,0.0,0.0,0.0,0.05,0.0,0.1,0.8,1.6,0.6646033719008264,2.8153735537190085,121,0.0,16.0,0.022303783173348357,0.0,False
20260912T170000Z,2026-09-12T17:00:00Z,2026-09-12T17:00:00Z,0.0,2026-09-12T17:00:00Z,0.0,2026-09-12T17:00:01Z,1.0,6,17,481,0,0,123136,121.68510342703667,0.029450651025399566,0.05086908501107246,0.17909443414962384,1.923573627951555,0.0071363817370843656,1011.9233705038785,1980.0,2619.0,449.595,465.67250000000007,43.0,100.0,85.0,0.0,0.0,0.0,0.0,0.0,0.05,0.8,1.2,0.6716298666666667,2.8386642,120,0.0,16.0,0.023312091635072973,0.0,False
20260912T173000Z,2026-09-12T17:30:00Z,2026-09-12T17:30:00Z,0.0,2026-09-12T17:30:00Z,0.0,2026-09-12T17:30:01Z,1.0,6,17,481,0,0,123136,121.66374715801794,0.0286450240528211,0.04517868591938168,0.15465874098887636,1.924058731063269,0.007136278772525781,1012.1009986653615,1980.0,2619.0,449.96500000000003,464.5405,42.0,100.0,85.0,0.0,0.0,0.0,0.05,0.0,0.05,0.8,1.2,0.6681646,2.8388132666666666,121,0.0,16.0,0.022344115511817364,0.0,False
20260912T180000Z,2026-09-12T18:00:00Z,2026-09-12T18:00:00Z,0.0,2026-09-12T18:00:00Z,0.0,2026-09-12T18:00:00Z,0.0,6,18,481,0,0,123136,121.66954882303253,0.029083542060106993,0.05282921402249485,0.1832855852683415,1.9296821949537843,0.007139346121317324,1012.0527378555535,1980.0,2619.0,449.075,464.802,42.0,100.0,85.0,0.0,0.0,0.0,0.0,0.0,0.05,0.8,1.2,0.6732378666666667,2.8400038,120,0.0,16.0,0.022666774219569197,0.0,False
20260912T183000Z,2026-09-12T18:30:00Z,2026-09-12T18:30:00Z,0.0,2026-09-12T18:30:00Z,0.0,2026-09-12T18:30:01Z,1.0,6,18,481,0,0,123136,121.67068467708305,0.028774484060704708,0.056023937999270856,0.1907395058191342,1.928536865976639,0.007137089219473887,1012.0432898590645,1980.0,2619.0,449.555,463.88750000000005,42.0,100.0,85.0,0.0,0.0,0.0,0.05,0.0,0.05,0.8,1.2,0.6732602666666667,2.838796133333333,120,0.0,16.0,0.022707106558038204,0.0,False
20260912T190000Z,2026-09-12T19:00:00Z,2026-09-12T19:00:00Z,0.0,2026-09-12T19:00:00Z,0.0,2026-09-12T19:00:01Z,1.0,6,19,481,0,0,123136,121.6697119739838,0.029952836921438575,0.06229285802692175,0.2250220082611606,1.9324103019898757,0.007138681646856461,1012.0513807604783,1980.0,2619.0,449.99,467.30750000000006,43.0,100.0,85.0,0.0,0.0,0.0,0.0,0.0,0.05,0.8,0.8,0.6648552066115702,2.8156368264462808,120,0.0,16.0,0.02274743889650721,0.0,False
20260912T193000Z,2026-09-12T19:30:00Z,2026-09-12T19:30:00Z,0.0,2026-09-12T19:30:00Z,0.0,2026-09-12T19:30:00Z,0.0,6,19,481,0,0,123136,121.66318433301058,0.028733435086905956,0.05165298201609403,0.19230786731418584,1.928328649024479,0.007135515313997281,1012.1056807370593,1980.0,2619.0,449.46000000000004,464.2015,42.0,100.0,85.0,0.0,0.0,0.0,0.05,0.0,0.05,0.8,1.2,0.6694486,2.839161133333333,121,0.0,16.0,0.02214245381947244,0.0,False
20260912T200000Z,2026-09-12T20:00:00Z,2026-09-12T20:00:00Z,0.0,2026-09-12T20:00:00Z,0.0,2026-09-12T20:00:01Z,1.0,6,20,481,0,0,123136,121.67121121403761,0.029380336054600775,0.06335717800538987,0.23951524645265773,1.9374566349433735,0.007140763693799576,1012.0389102019014,1980.0,2619.0,449.095,465.74,42.0,100.0,85.0,0.0,0.0,0.0,0.0,0.0,0.05,0.8,1.2,0.6714359333333334,2.839716066666667,120,0.0,18.0,0.025933693635556976,0.0,False
20260912T203000Z,2026-09-12T20:30:00Z,2026-09-12T20:30:00Z,0.0,2026-09-12T20:30:00Z,0.0,2026-09-12T20:30:01Z,1.0,6,20,481,0,0,123136,121.69844340800773,0.028987779980525374,0.05065117496997118,0.17803080775444247,1.9303571470081806,0.007138408274462848,1011.812448472925,1980.0,2619.0,449.21500000000003,465.34799999999996,42.0,100.0,85.0,0.0,0.0,0.0,0.05,0.0,0.1,0.819999999999999,1.6,0.6728211333333333,2.838767133333333,121,0.0,16.0,0.0226264418811003,0.0,False
20260912T210000Z,2026-09-12T21:00:00Z,2026-09-12T21:00:00Z,0.0,2026-09-12T21:00:00Z,0.0,2026-09-12T21:00:00Z,0.0,6,21,481,0,0,123136,121.66700162400957,0.02866399602498859,0.044069794937968254,0.15645472408058614,1.924752800958231,0.0071381281330889345,1012.0739260143034,1980.0,2619.0,449.45000000000005,464.961,42.0,100.0,85.0,0.0,0.0,0.0,0.0,0.0,0.05,1.2,1.2,0.6634399338842975,2.814972694214876,121,0.0,15.0,0.021577801080906678,0.0,False
20260912T213000Z,2026-09-12T21:30:00Z,2026-09-12T21:30:00Z,0.0,2026-09-12T21:30:00Z,0.0,2026-09-12T21:30:00Z,0.0,6,21,481,0,0,123136,121.6704408179503,0.028413680964149535,0.04178702610079199,0.13130545062272433,1.9222704330459237,0.0071373617139590135,1012.0453182564083,1980.0,2619.0,450.075,465.00800000000004,43.0,100.0,85.0,0.0,0.0,0.0,0.05,0.0,0.05,0.8,1.2,0.6633691239669421,2.8152159338842977,121,0.0,15.0,0.021940792127127517,0.0,False
20260912T220000Z,2026-09-12T22:00:00Z,2026-09-12T22:00:00Z,0.0,2026-09-12T22:00:00Z,0.0,2026-09-12T22:00:00Z,0.0,6,22,481,0,0,123136,121.67443352402188,0.029065930983051658,0.06027538503985852,0.2156232244165188,1.9331961700227112,0.0071393960584685496,1012.0121083258593,1980.0,2619.0,449.405,464.699,42.0,100.0,85.0,0.0,0.0,0.0,0.05,0.0,0.05,0.8,1.2,0.6692456666666666,2.8385186,121,0.0,16.0,0.02250544486569328,0.0,False
20260912T223000Z,2026-09-12T22:30:00Z,2026-09-12T22:30:00Z,0.0,2026-09-12T22:30:00Z,0.0,2026-09-12T22:30:01Z,1.0,6,22,481,0,0,123136,121.67052927997429,0.0289998670341447,0.04713118891231716,0.17295010535038824,1.9262790380744264,0.0071374321059670814,1012.0445824366683,1980.0,2619.0,448.78499999999997,464.7605,42.0,100.0,85.0,0.0,0.0,0.0,0.0,0.0,0.1,0.8,2.8,0.6689362666666667,2.8381172666666665,120,0.0,16.0,0.02286843591191412,0.0,False
20260912T230000Z,2026-09-12T23:00:00Z,2026-09-12T23:00:00Z,0.0,2026-09-12T23:00:00Z,0.0,2026-09-12T23:00:01Z,1.0,6,23,481,0,0,123136,121.66767805698328,0.028722030925564468,0.045310841989703476,0.18308820090470482,1.927926687989384,0.007136122952671904,1012.0682992103214,1980.0,2619.0,449.01,465.62000000000006,42.0,100.0,85.0,0.0,0.0,0.0,0.05,0.0,0.05,0.8,1.2,0.6727116666666666,2.8387648666666667,120,0.0,16.0,0.022586109542631294,0.0,False
20260912T233000Z,2026-09-12T23:30:00Z,2026-09-12T23:30:00Z,0.0,2026-09-12T23:30:00Z,0.0,2026-09-12T23:30:00Z,0.0,6,23,481,0,0,123136,121.67069050401915,0.02849373803474009,0.052196395001374185,0.18099225267266963,1.929694187012501,0.007139661427422919,1012.0432413912572,1980.0,2619.0,458.86,474.48650000000004,50.0,100.0,85.0,0.0,0.0,0.0,0.0,0.0,0.1,0.8,2.0,0.6638583801652893,2.8156714049586773,121,0.0,16.0,0.023271759296603967,0.0,False
20260913T000000Z,2026-09-13T00:00:00Z,2026-09-13T00:00:00Z,0.0,2026-09-13T00:00:00Z,0.0,2026-09-13T00:00:00Z,0.0,6,0,481,0,0,123136,121.66048636904452,0.02996578603051603,0.05402602395042777,0.19326905609583575,1.9348361640004441,0.007135951964586389,1012.1281253675056,1980.0,2619.0,458.185,475.88800000000003,50.05,100.0,85.0,0.0,0.0,0.0,0.05,0.0,0.25,0.8,2.8,0.6709223333333334,2.839493733333333,120,0.0,18.0,0.02577236428168106,0.0,False
20260913T003000Z,2026-09-13T00:30:00Z,2026-09-13T00:30:00Z,0.0,2026-09-13T00:30:00Z,0.0,2026-09-13T00:30:00Z,0.0,6,0,481,0,0,123136,121.66641391103622,0.029208794934675097,0.05137049802578986,0.18164923658984874,1.929458379978314,0.0071464429490779545,1012.078814865361,1980.0,2619.0,458.15999999999997,474.5465,50.0,100.0,85.0,0.0,0.0,0.0,0.05,0.0,0.1,0.8,1.6,0.6729333333333334,2.8389740666666667,121,0.0,16.0,0.02250544486569328,0.0,False
20260913T010000Z,2026-09-13T01:00:00Z,2026-09-13T01:00:00Z,0.0,2026-09-13T01:00:00Z,0.0,2026-09-13T01:00:01Z,1.0,6,1,481,0,0,123136,121.66823492699768,0.0290759289637208,0.045835247030481696,0.1947942858727333,1.9308020529570058,0.007139735258933084,1012.0636670194401,1980.0,2619.0,449.265,464.53299999999996,42.0,100.0,85.0,0.0,0.0,0.0,0.05,0.0,0.05,0.8,1.2,0.6641565619834711,2.8153423471074377,120,0.0,16.0,0.02274743889650721,0.0,False
20260913T013000Z,2026-09-13T01:30:00Z,2026-09-13T01:30:00Z,0.0,2026-09-13T01:30:00Z,0.0,2026-09-13T01:30:00Z,0.0,6,1,481,0,0,123136,121.66552261193283,0.028565167915076017,0.047392653999850154,0.1693786054586513,1.9256481128977612,0.0071374973177215926,1012.0862291674647,1980.0,2619.0,455.125,470.75000000000006,48.0,100.0,85.0,0.0,0.0,0.0,0.05,0.0,0.05,0.8,1.2,0.6647884958677687,2.8151458512396696,120,0.0,16.0,0.022586109542631294,0.0,False
20260913T020000Z,2026-09-13T02:00:00Z,2026-09-13T02:00:00Z,0.0,2026-09-13T02:00:00Z,0.0,2026-09-13T02:00:00Z,0.0,6,2,481,0,0,123136,121.66727613692638,0.029464895953424275,0.05166611005552113,0.2052624808651022,1.9352323380298913,0.007139865164736322,1012.0716425131495,1980.0,2619.0,449.03499999999997,465.615,42.0,100.0,85.0,0.0,0.0,0.0,0.05,0.0,0.1,0.8,2.0,0.6703004,2.8388146,120,0.0,16.0,0.02323142695813507,0.0,False
20260913T023000Z,2026-09-13T02:30:00Z,2026-09-13T02:30:00Z,0.0,2026-09-13T02:30:00Z,0.0,2026-09-13T02:30:01Z,1.0,6,2,481,0,0,123136,121.66315696993843,0.028317101066932082,0.0451277190586552,0.1618578583826169,1.9228328060125932,0.007139972399682829,1012.1059083681799,1980.0,2619.0,449.72,465.947,43.0,100.0,85.0,0.0,0.0,0.0,0.0,0.0,0.05,0.8,1.2,0.6714978,2.8390437333333334,121,0.0,16.0,0.022424780188755378,0.0,False
20260913T030000Z,2026-09-13T03:00:00Z,2026-09-13T03:00:00Z,0.0,2026-09-13T03:00:00Z,0.0,2026-09-13T03:00:01Z,1.0,6,3,481,0,0,123136,121.65990185702685,0.028460302972234786,0.05161819898057729,0.1748567986871972,1.9273959170095623,0.0071394922942215324,1012.1329881122857,1980.0,2619.0,449.275,465.9175,43.0,100.0,85.0,0.0,0.0,0.0,0.0,0.0,0.1,0.8,1.2,0.6693136666666666,2.8388975333333333,121,0.0,15.0,0.023150762281197057,0.0,False
20260913T033000Z,2026-09-13T03:30:00Z,2026-09-13T03:30:00Z,0.0,2026-09-13T03:30:00Z,0.0,2026-09-13T03:30:01Z,1.0,6,3,481,0,0,123136,121.67238780297339,0.028515913989394903,0.042096238932572305,0.1579919622892464,1.9311850840458646,0.007145833902006202,1012.0291236446898,1980.0,2619.0,458.01,474.4105,50.0,100.0,85.0,0.0,0.0,0.0,0.05,0.0,0.05,0.8,1.6,0.6630628760330578,2.8153623140495867,121,0.0,16.0,0.02238444785028637,0.0,False
20260913T040000Z,2026-09-13T04:00:00Z,2026-09-13T04:00:00Z,0.0,2026-09-13T04:00:00Z,0.0,2026-09-13T04:00:01Z,1.0,6,4,481,0,0,123136,121.67311388603412,0.02916347805876285,0.05665714794304222,0.20304935659929452,1.9364187910687178,0.007142227757082996,1012.0230843712613,1980.0,2619.0,457.045,473.42249999999996,50.05,100.0,85.0,0.0,0.0,0.0,0.0,0.0,0.15,0.819499999999999,2.8,0.6672250666666667,2.8388581333333334,120,0.0,18.0,0.026175687666370906,0.0,False
20260913T043000Z,2026-09-13T04:30:00Z,2026-09-13T04:30:00Z,0.0,2026-09-13T04:30:00Z,0.0,2026-09-13T04:30:01Z,1.0,6,4,481,0,0,123136,121.68417142308317,0.02830025099683553,0.04693258600309491,0.17417731666531527,1.929036604007706,0.007141959003866742,1011.9311210319128,1980.0,2619.0,457.725,473.7545,50.0,100.0,85.0,0.0,0.0,0.0,0.0,0.0,0.05,0.8,0.8,0.6726553333333334,2.8388275333333333,121,0.0,16.0,0.022102121481003434,0.0,False
20260913T050000Z,2026-09-13T05:00:00Z,2026-09-13T05:00:00Z,0.0,2026-09-13T05:00:00Z,0.0,2026-09-13T05:00:00Z,0.0,7,5,481,0,0,123136,121.66638603794854,0.02883272396866232,0.04771384107880294,0.16407793629480866,1.9277814209926873,0.007140450062705021,1012.0790467269495,1980.0,2619.0,451.52,466.4655,44.0,100.0,85.0,0.0,0.0,0.0,0.0,0.0,0.05,0.8,1.2,0.6704003333333334,2.838870066666667,120,0.0,18.0,0.025933693635556976,0.0,False
20260913T053000Z,2026-09-13T05:30:00Z,2026-09-13T05:30:00Z,0.0,2026-09-13T05:30:00Z,0.0,2026-09-13T05:30:01Z,1.0,7,5,481,0,0,123136,121.67192853300367,0.031353109050542116,0.07361633598338813,0.2543676588753009,1.939079227973707,0.007144470466757376,1012.0329437089443,1980.0,2619.0,456.91499999999996,472.43399999999997,50.0,100.0,85.0,0.0,0.0,0.0,0.05,0.0,0.1,0.8,1.6,0.667933,2.8392508,120,0.0,18.0,0.026821005081874683,0.0,False
20260913T060000Z,2026-09-13T06:00:00Z,2026-09-13T06:00:00Z,0.0,2026-09-13T06:00:00Z,0.0,2026-09-13T06:00:01Z,1.0,7,6,481,0,0,123136,121.67254431301262,0.029508644016459584,0.0514947340125218,0.20279869723887625,1.9299705890007317,0.0071414675253132975,1012.0278218496238,1980.0,2619.0,455.15,469.7845,49.0,100.0,85.0,0.0,0.0,0.0,0.0,0.0,0.1,0.8,2.8,0.6693407333333333,2.8393142,120,0.0,16.0,0.02311042994272805,0.0,False
20260913T063000Z,2026-09-13T06:30:00Z,2026-09-13T06:30:00Z,0.0,2026-09-13T06:30:00Z,0.0,2026-09-13T06:30:01Z,1.0,7,6,481,0,0,123136,121.67816568294074,0.02963609399739653,0.05676535202655941,0.21223588964461615,1.9351825040066615,0.007142343439216561,1011.9810675060468,1980.0,2619.0,459.87,476.38,51.0,100.0,85.0,0.0,0.0,0.0,0.0,0.0,0.05,0.8,1.6,0.6607642975206611,2.81569626446281,120,0.0,16.0,0.02323142695813507,0.0,False
20260913T070000Z,2026-09-13T07:00:00Z,2026-09-13T07:00:00Z,0.0,2026-09-13T07:00:00Z,0.0,2026-09-13T07:00:00Z,0.0,7,7,481,0,0,123136,121.67177307303064,0.030740499030798674,0.06645214394666255,0.25478183429612933,1.9345709340414032,0.007145685764650504,1012.0342367830089,1980.0,2619.0,458.13,472.78299999999996,50.0,100.0,85.0,0.0,0.0,0.0,0.0,0.0,0.1,0.8,2.0,0.6629761322314051,2.8152804628099175,120,0.0,18.0,0.026538678712591746,0.0,False
20260913T073000Z,2026-09-13T07:30:00Z,2026-09-13T07:30:00Z,0.0,2026-09-13T07:30:00Z,0.0,2026-09-13T07:30:01Z,1.0,7,7,481,0,0,123136,121.66761977004353,0.028798396000638604,0.05092730699107051,0.19875361946561765,1.9333230879856274,0.007134188133218855,1012.0687840588298,1980.0,2619.0,455.01,472.269,48.0,100.0,85.0,0.0,0.0,0.0,0.0,0.0,0.05,0.8,1.2,0.6687410666666667,2.8388750666666667,120,0.0,16.0,0.023150762281197057,0.0,False
20260913T080000Z,2026-09-13T08:00:00Z,2026-09-13T08:00:00Z,0.0,2026-09-13T08:00:00Z,0.0,2026-09-13T08:00:01Z,1.0,7,8,481,0,0,123136,121.6671280550072,0.028824076987802982,0.05713526194449514,0.22465086366615122,1.9279594930121675,0.007144351019615344,1012.0728743126797,1980.0,2619.0,457.21,472.779,50.0,100.0,85.0,0.0,0.0,0.0,0.0,0.0,0.05,0.8,1.6,0.669026,2.8387070666666667,120,0.0,16.0,0.022707106558038204,0.0,False
20260913T083000Z,2026-09-13T08:30:00Z,2026-09-13T08:30:00Z,0.0,2026-09-13T08:30:00Z,0.0,2026-09-13T08:30:00Z,0.0,7,8,481,0,0,123136,121.67564414499793,0.028783102054148912,0.057337861973792315,0.2011476498653567,1.9238280899589881,0.007137414886086595,1012.0020392352458,1980.0,2619.0,449.655,466.12,42.0,100.0,85.0,0.0,0.0,0.0,0.05,0.0,0.0,0.8,0.8,0.6668635371900826,2.816251966942149,120,0.0,16.0,0.022707106558038204,0.0,False
20260913T090000Z,2026-09-13T09:00:00Z,2026-09-13T09:00:00Z,0.0,2026-09-13T09:00:00Z,0.0,2026-09-13T09:00:01Z,1.0,7,9,481,0,0,123136,121.6753416119609,0.03211421601008624,0.07418099394999444,0.27097352014662435,1.9428296569967642,0.007136136380608614,1012.0045554726884,1980.0,2619.0,449.515,465.60600000000005,43.0,100.0,85.0,0.0,0.0,0.0,0.0,0.0,0.05,0.8,2.0,0.6647971333333333,2.8388732666666665,120,0.0,16.0,0.024159070742921673,0.0,False
20260913T093000Z,2026-09-13T09:30:00Z,2026-09-13T09:30:00Z,0.0,2026-09-13T09:30:00Z,0.0,2026-09-13T09:30:01Z,1.0,7,9,481,0,0,123136,121.67588771600276,0.02981132292188704,0.053919126046821475,0.23042594942753764,1.938740417943336,0.007138416992372595,1012.0000134077937,1980.0,2619.0,452.755,468.415,46.0,100.0,85.0,0.0,0.0,0.0,0.0,0.0,0.05,0.8,1.6,0.6674627333333333,2.8390363333333335,120,0.0,17.0,0.024522061789142513,0.0,False
20260913T100000Z,2026-09-13T10:00:00Z,2026-09-13T10:00:00Z,0.0,2026-09-13T10:00:00Z,0.0,2026-09-13T10:00:00Z,0.0,7,10,481,0,0,123136,121.66483912197873,0.029586269985884428,0.050826880033127964,0.17918088454460884,1.9349559060065076,0.007138994799963399,1012.091914875639,1980.0,2619.0,448.755,464.703,42.0,100.0,85.0,0.0,0.0,0.0,0.0,0.0,0.1,0.8,1.2,0.6691199333333333,2.8386827333333335,120,0.0,16.0,0.022707106558038204,0.0,False
20260913T103000Z,2026-09-13T10:30:00Z,2026-09-13T10:30:00Z,0.0,2026-09-13T10:30:00Z,0.0,2026-09-13T10:30:01Z,1.0,7,10,481,0,0,123136,121.66136744502,0.02885012305341661,0.047364554018713534,0.17103533061254556,1.9302522249054164,0.007137787721448523,1012.1207954994127,1980.0,2619.0,448.84,465.409,42.0,100.0,85.0,0.0,0.0,0.0,0.05,0.0,0.05,0.8,1.2,0.6692814666666667,2.838877933333333,120,0.0,16.0,0.022586109542631294,0.0,False
20260913T110000Z,2026-09-13T11:00:00Z,2026-09-13T11:00:00Z,0.0,2026-09-13T11:00:00Z,0.0,2026-09-13T11:00:01Z,1.0,7,11,481,0,0,123136,121.66911964700557,0.030245373025536537,0.04981232900172472,0.1737552457344624,1.9312654330860823,0.007141449753030696,1012.0563077734945,1980.0,2619.0,449.66499999999996,465.93,43.0,100.0,85.0,0.0,0.0,0.0,0.0,0.0,0.05,0.8,1.2,0.670088,2.838533066666667,120,0.0,16.0,0.023070097604259043,0.0,False
20260913T113000Z,2026-09-13T11:30:00Z,2026-09-13T11:30:00Z,0.0,2026-09-13T11:30:00Z,0.0,2026-09-13T11:30:01Z,1.0,7,11,481,0,0,123136,121.723672227934,0.028869185014627874,0.05559913604520261,0.23360446014729658,1.9296480210032314,0.007142151384523102,1011.6027371358082,1980.0,2619.0,449.49,465.655,42.0,100.0,85.0,0.0,0.0,0.0,0.05,0.0,0.1,0.8,1.6,0.6642921652892563,2.816339702479339,120,0.0,16.0,0.02323142695813507,0.0,False
20260913T120000Z,2026-09-13T12:00:00Z,2026-09-13T12:00:00Z,0.0,2026-09-13T12:00:00Z,0.0,2026-09-13T12:00:00Z,0.0,7,12,481,0,0,123136,121.66815694491379,0.03277078608516604,0.06233555299695581,0.24901840563186234,1.94583983393386,0.007150284760613359,1012.0643156923203,1980.0,2619.0,455.74,472.94100000000003,50.0,100.0,85.0,0.0,0.0,0.0,0.05,0.0,0.05,0.8,0.8,0.6641606666666666,2.8400795333333333,120,0.0,15.0,0.022908768250383127,0.0,False
20260913T123000Z,2026-09-13T12:30:00Z,2026-09-13T12:30:00Z,0.0,2026-09-13T12:30:00Z,0.0,2026-09-13T12:30:01Z,1.0,7,12,481,0,0,123136,121.66379579203203,0.028281033970415592,0.043316199094988406,0.16563215550701094,1.9229256209218875,0.007139025635414702,1012.1005940870405,1980.0,2619.0,449.28499999999997,464.395,42.0,100.0,85.0,0.0,0.0,0.0,0.0,0.0,0.05,0.8,1.6,0.6737169333333334,2.839584,121,0.0,16.0,0.022061789142534538,0.0,False
20260913T130000Z,2026-09-13T13:00:00Z,2026-09-13T13:00:00Z,0.0,2026-09-13T13:00:00Z,0.0,2026-09-13T13:00:01Z,1.0,7,13,481,0,0,123136,121.66589121101424,0.030329708941280842,0.0533441569423303,0.2180221149295809,1.9352806399110705,0.00713760803554061,1012.0831629502145,1980.0,2619.0,449.61,463.929,43.0,100.0,85.0,0.0,0.0,0.0,0.05,0.0,0.05,0.8,1.2,0.6684018666666667,2.8393151333333333,120,0.0,18.0,0.026417681697184836,0.0,False
20260913T133000Z,2026-09-13T13:30:00Z,2026-09-13T13:30:00Z,0.0,2026-09-13T13:30:00Z,0.0,2026-09-13T13:30:00Z,0.0,7,13,481,0,0,123136,121.66708406596445,0.02914096403401345,0.05184210301376879,0.16979434042373215,1.9265825459733605,0.007136710164794589,1012.0732402301936,1980.0,2619.0,449.145,464.879,42.0,100.0,85.0,0.0,0.0,0.0,0.0,0.0,0.05,1.2,1.6,0.6627471074380166,2.8149572892561983,120,0.0,16.0,0.023312091635072973,0.0,False
20260913T140000Z,2026-09-13T14:00:00Z,2026-09-13T14:00:00Z,0.0,2026-09-13T14:00:00Z,0.0,2026-09-13T14:00:01Z,1.0,7,14,481,0,0,123136,121.66524733195547,0.031265440047718585,0.05983908800408244,0.2309053111974199,1.9293986819684505,0.0071384288822574655,1012.0885191153369,1980.0,2619.0,458.87,474.341,51.0,100.0,85.0,0.0,0.0,0.0,0.0,0.0,0.05,0.8,1.2,0.6707526666666667,2.8395403333333333,120,0.0,18.0,0.02710333145115751,0.0,False
20260913T143000Z,2026-09-13T14:30:00Z,2026-09-13T14:30:00Z,0.0,2026-09-13T14:30:00Z,0.0,2026-09-13T14:30:01Z,1.0,7,14,481,0,0,123136,121.66347419505473,0.028956264024600387,0.06995619903318584,0.2677578129027923,1.9310008699540049,0.007142880137133247,1012.1032694051172,1980.0,2619.0,456.78,473.90299999999996,49.05,100.0,85.0,0.0,0.0,0.0,0.0,0.0,0.05,0.8,1.6,0.6694662666666668,2.8395391333333335,120,0.0,18.0,0.026417681697184836,0.0,False
20260913T150000Z,2026-09-13T15:00:00Z,2026-09-13T15:00:00Z,0.0,2026-09-13T15:00:00Z,0.0,2026-09-13T15:00:01Z,1.0,7,15,481,0,0,123136,121.66597171104513,0.02914768294431269,0.05686738796066493,0.2119554171898144,1.921559621929191,0.007141509231216475,1012.0824933075467,1980.0,2619.0,449.505,466.60150000000004,42.0,100.0,85.0,0.0,0.0,0.0,0.05,0.0,0.05,0.8,1.2,0.668734,2.8390733333333333,120,0.0,16.0,0.023029765265790147,0.0,False
20260913T153000Z,2026-09-13T15:30:00Z,2026-09-13T15:30:00Z,0.0,2026-09-13T15:30:00Z,0.0,2026-09-13T15:30:00Z,0.0,7,15,481,0,0,123136,121.65906689397525,0.03108722297474742,0.06350687390659004,0.22405618266061572,1.9313855359796435,0.007140387054624072,1012.1399345213775,1980.0,2619.0,449.57500000000005,465.3485,43.0,100.0,85.0,0.0,0.0,0.0,0.05,0.0,0.1,0.8,2.8,0.6612000661157025,2.815915504132231,120,0.0,18.0,0.026337017020246822,0.0,False
20260913T160000Z,2026-09-13T16:00:00Z,2026-09-13T16:00:00Z,0.0,2026-09-13T16:00:00Z,0.0,2026-09-13T16:00:00Z,0.0,7,16,481,0,0,123136,121.67139687109739,0.03201870806515217,0.0690257860114798,0.278089991537943,1.9428675200324506,0.007145197337091553,1012.0373659427471,1980.0,2619.0,453.155,468.9365,46.0,100.0,85.0,0.0,0.0,0.0,0.05,0.0,0.05,0.8,1.2,0.6655178,2.839062,120,0.0,17.0,0.025812696620150066,0.0,False
20260913T163000Z,2026-09-13T16:30:00Z,2026-09-13T16:30:00Z,0.0,2026-09-13T16:30:00Z,0.0,2026-09-13T16:30:01Z,1.0,7,16,481,0,0,123136,121.66564803395886,0.032694443012587726,0.06967293005436659,0.26099853624896974,1.928663871018216,0.007147149968545373,1012.0851858334798,1980.0,2619.0,457.71000000000004,473.38750000000005,50.0,100.0,85.0,0.0,0.0,0.0,0.0,0.0,0.1,0.8,1.2,0.6669101333333333,2.8393824666666667,120,0.0,17.0,0.02601435831249499,0.0,False
20260913T170000Z,2026-09-13T17:00:00Z,2026-09-13T17:00:00Z,0.0,2026-09-13T17:00:00Z,0.0,2026-09-13T17:00:01Z,1.0,7,17,481,0,0,123136,121.67027194006369,0.03125449793878943,0.06009788601659238,0.23820120306537854,1.93774840910919,0.00713905217217318,1012.04672297156,1980.0,2619.0,451.99,468.75350000000003,45.0,100.0,85.0,0.0,0.0,0.0,0.05,0.0,0.05,0.8,1.2,0.6688741333333333,2.8392413999999997,120,0.0,18.0,0.026054690650963996,0.0,False
20260913T173000Z,2026-09-13T17:30:00Z,2026-09-13T17:30:00Z,0.0,2026-09-13T17:30:00Z,0.0,2026-09-13T17:30:01Z,1.0,7,17,481,0,0,123136,121.66829184093513,0.03280983597505838,0.07155146298464388,0.271020638270668,1.9373882319778204,0.007149115964478137,1012.0631935967648,1980.0,2619.0,454.15,469.7215,47.0,100.0,85.0,0.0,0.0,0.0,0.0,0.0,0.05,0.8,1.2,0.6557816198347107,2.8154690247933885,120,0.0,17.0,0.026417681697184836,0.0,False
20260913T180000Z,2026-09-13T18:00:00Z,2026-09-13T18:00:00Z,0.0,2026-09-13T18:00:00Z,0.0,2026-09-13T18:00:00Z,0.0,7,18,481,0,0,123136,121.7059974600561,0.030411013052798808,0.06615268997848034,0.2536543870369028,1.9440907879034057,0.007145576399988403,1011.7496472629726,1980.0,2619.0,458.55999999999995,475.037,50.05,100.0,85.0,0.0,0.0,0.0,0.0,0.0,0.05,0.8,1.2,0.6649060495867769,2.815649520661157,120,0.0,18.0,0.026175687666370906,0.0,False
20260913T183000Z,2026-09-13T18:30:00Z,2026-09-13T18:30:00Z,0.0,2026-09-13T18:30:00Z,0.0,2026-09-13T18:30:00Z,0.0,7,18,481,0,0,123136,121.67578236199915,0.03244825603906065,0.07129177602473646,0.25779495909666783,1.9399930509971455,0.007137651058991312,1012.0008896565508,1980.0,2619.0,449.78999999999996,465.58099999999996,43.0,100.0,85.0,0.0,0.0,0.0,0.0,0.0,0.05,0.8,1.21,0.6638202666666667,2.8392638,120,0.0,17.0,0.026337017020246822,0.0,False
20260913T190000Z,2026-09-13T19:00:00Z,2026-09-13T19:00:00Z,0.0,2026-09-13T19:00:00Z,0.0,2026-09-13T19:00:01Z,1.0,7,19,481,0,0,123136,121.68351040699054,0.03098162799142301,0.06574671005364507,0.23772287244949278,1.9372454999247566,0.007148197298303393,1011.9366181017574,1980.0,2619.0,458.755,475.233,51.0,100.0,85.0,0.0,0.0,0.0,0.05,0.0,0.05,0.8,1.2,0.6683408666666667,2.8410409333333333,120,0.0,18.0,0.02637734935871583,0.0,False
20260913T193000Z,2026-09-13T19:30:00Z,2026-09-13T19:30:00Z,0.0,2026-09-13T19:30:00Z,0.0,2026-09-13T19:30:01Z,1.0,7,19,481,0,0,123136,121.66394186904654,0.029490703949704766,0.05775596702005714,0.22015073237534866,1.925225225975737,0.007137765364684895,1012.0993788984572,1980.0,2619.0,449.57500000000005,465.06199999999995,43.0,100.0,85.0,0.0,0.0,0.0,0.05,0.0,0.05,0.8,1.2,0.6712141333333334,2.8389884666666667,120,0.0,16.0,0.02323142695813507,0.0,False
20260913T200000Z,2026-09-13T20:00:00Z,2026-09-13T20:00:00Z,0.0,2026-09-13T20:00:00Z,0.0,2026-09-13T20:00:00Z,0.0,7,20,481,0,0,123136,121.68249730800744,0.03094979200977832,0.06940478796605021,0.28321566445873814,1.942074637976475,0.007138953082646955,1011.945043240799,1980.0,2619.0,450.63,466.524,44.0,100.0,85.0,0.0,0.0,0.0,0.0,0.0,0.05,0.8,0.8,0.6610939504132232,2.8151934545454544,120,0.0,18.0,0.0270629991126885,0.0,False
20260913T203000Z,2026-09-13T20:30:00Z,2026-09-13T20:30:00Z,0.0,2026-09-13T20:30:00Z,0.0,2026-09-13T20:30:00Z,0.0,7,20,481,0,0,123136,121.71191787801217,0.03112138295546174,0.06583875103387982,0.24211455460090325,1.9420536619145423,0.00714052354496922,1011.7004328484506,1980.0,2619.0,449.43,466.22150000000005,43.0,100.0,85.0,0.0,0.0,0.0,0.0,0.0,0.15,0.8,3.6,0.6604946115702479,2.815725090909091,120,0.0,18.0,0.027022666774219606,0.0,False
20260913T210000Z,2026-09-13T21:00:00Z,2026-09-13T21:00:00Z,0.0,2026-09-13T21:00:00Z,0.0,2026-09-13T21:00:00Z,0.0,7,21,481,0,0,123136,121.67401274398435,0.03098190203309059,0.05783334199804813,0.25533590712659154,1.9317119689658284,0.007143871623602714,1012.0156081240768,1980.0,2619.0,458.1,473.43149999999997,50.0,100.0,85.0,0.0,0.0,0.0,0.0,0.0,0.05,0.8,1.2,0.6664641333333333,2.8395562666666665,120,0.0,18.0,0.026942002097281592,0.0,False
20260913T213000Z,2026-09-13T21:30:00Z,2026-09-13T21:30:00Z,0.0,2026-09-13T21:30:00Z,0.0,2026-09-13T21:30:01Z,1.0,7,21,481,0,0,123136,121.6776531910291,0.03121420892421156,0.05924570106435567,0.2161869376398342,1.927444750093855,0.007136969235451782,1011.9853298508425,1980.0,2619.0,454.29999999999995,469.8715,47.0,100.0,85.0,0.0,0.0,0.0,0.05,0.0,0.05,0.8,1.2,0.6679283333333333,2.8397302666666664,120,0.0,18.0,0.026901669758812585,0.0,False
20260913T220000Z,2026-09-13T22:00:00Z,2026-09-13T22:00:00Z,0.0,2026-09-13T22:00:00Z,0.0,2026-09-13T22:00:01Z,1.0,7,22,481,0,0,123136,121.70426541892812,0.03250376298092306,0.07463202008511871,0.2910178163876716,1.9480649080360308,0.00714361096056653,1011.764046035228,1980.0,2619.0,449.53999999999996,466.4505,43.0,100.0,85.0,0.0,0.0,0.0,0.0,0.0,0.05,0.8,1.2,0.662368,2.839864066666667,120,0.0,17.0,0.025933693635556976,0.0,False
20260913T223001Z,2026-09-13T22:30:01Z,2026-09-13T22:30:00Z,1.0,2026-09-13T22:30:01Z,1.0,2026-09-13T22:30:01Z,1.0,7,22,481,0,0,123136,121.67331778106745,0.029358332976698875,0.051694686990231276,0.1900363391990188,1.9338369879405946,0.007143080925258497,1012.0213884655009,1980.0,2619.0,454.9,471.58299999999997,48.0,100.0,85.0,0.0,0.0,0.0,0.05,0.0,0.05,0.8,1.2,0.6664528925619835,2.816428694214876,120,0.0,18.0,0.025933693635556976,0.0,False
20260913T230000Z,2026-09-13T23:00:00Z,2026-09-13T23:00:00Z,0.0,2026-09-13T23:00:00Z,0.0,2026-09-13T23:00:00Z,0.0,7,23,481,0,0,123136,121.6929573470261,0.031328303972259164,0.06451698101591319,0.2504767100165032,1.9338049469515681,0.00714847209005087,1011.8580621626184,1980.0,2619.0,459.66499999999996,476.5245,52.0,100.0,85.0,0.0,0.0,0.0,0.05,0.0,0.05,0.8,1.2,0.6597337520661157,2.8163818181818185,120,0.0,17.0,0.025611034927805143,0.0,False
20260913T233000Z,2026-09-13T23:30:00Z,2026-09-13T23:30:00Z,0.0,2026-09-13T23:30:00Z,0.0,2026-09-13T23:30:01Z,1.0,7,23,481,0,0,123136,121.7064420270035,0.028884156025014818,0.054695645929314196,0.1953849789334359,1.9261215119622648,0.00713811163909222,1011.7459515633471,1980.0,2619.0,452.71500000000003,468.9235,45.0,100.0,85.0,0.0,0.0,0.0,0.0,0.0,0.05,0.8,1.2,0.6691113333333334,2.8385324,120,0.0,16.0,0.023312091635072973,0.0,False
20260914T000000Z,2026-09-14T00:00:00Z,2026-09-14T00:00:00Z,0.0,2026-09-14T00:00:00Z,0.0,2026-09-14T00:00:01Z,1.0,7,0,481,0,0,123136,121.66743783699349,0.028330178000032902,0.04432580491993576,0.14127183804209995,1.9221983469324186,0.007139284584178206,1012.070297436312,1980.0,2619.0,449.145,464.3795,42.0,100.0,85.0,0.0,0.0,0.0,0.0,0.0,0.05,0.8,1.2,0.6732436666666666,2.838571,121,0.0,15.0,0.02202145680406553,0.0,False
20260914T003000Z,2026-09-14T00:30:00Z,2026-09-14T00:30:00Z,0.0,2026-09-14T00:30:00Z,0.0,2026-09-14T00:30:00Z,0.0,7,0,481,0,0,123136,121.6679447699571,0.02877604402601719,0.04337687499355525,0.14195918706056043,1.9268205820117146,0.007135204541241275,1012.0660806165388,1980.0,2619.0,448.96500000000003,464.27399999999994,42.0,100.0,85.0,0.0,0.0,0.0,0.05,0.0,0.05,0.8,1.2,0.6729495333333333,2.8393362666666664,121,0.0,16.0,0.022102121481003434,0.0,False
20260914T010000Z,2026-09-14T01:00:00Z,2026-09-14T01:00:00Z,0.0,2026-09-14T01:00:00Z,0.0,2026-09-14T01:00:01Z,1.0,7,1,481,0,0,123136,121.67000003694557,0.028645943966694176,0.05326203803997487,0.19345422522219358,1.9216809440404177,0.007137154901911523,1012.0489846520036,1980.0,2619.0,449.67,464.9445,42.0,100.0,85.0,0.0,0.0,0.0,0.0,0.0,0.05,0.8,1.2,0.6727315333333334,2.8383763333333336,121,0.0,16.0,0.022465112527224274,0.0,False
20260914T013000Z,2026-09-14T01:30:00Z,2026-09-14T01:30:00Z,0.0,2026-09-14T01:30:00Z,0.0,2026-09-14T01:30:01Z,1.0,7,1,481,0,0,123136,121.66359193599783,0.028932007029652596,0.05204717593733221,0.19877478721473885,1.9310484109446406,0.007147334894055829,1012.1022899338427,1980.0,2619.0,459.25,474.522,52.05,100.0,85.0,0.0,0.0,0.0,0.0,0.0024999999999998582,0.15,0.8,3.6,0.6709841333333333,2.8388892666666665,120,0.0,16.0,0.022908768250383127,0.0,False
20260914T020000Z,2026-09-14T02:00:00Z,2026-09-14T02:00:00Z,0.0,2026-09-14T02:00:00Z,0.0,2026-09-14T02:00:00Z,0.0,7,2,481,0,0,123136,121.6654174780706,0.028503730078227818,0.04524854302871972,0.15461035206467655,1.9250642930855975,0.007138525717435222,1012.0871037342594,1980.0,2619.0,449.255,465.02549999999997,43.0,100.0,85.0,0.0,0.0,0.0,0.05,0.0,0.05,0.8,1.2,0.6654170578512397,2.815278743801653,120,0.0,16.0,0.022586109542631294,0.0,False
20260914T023000Z,2026-09-14T02:30:00Z,2026-09-14T02:30:00Z,0.0,2026-09-14T02:30:00Z,0.0,2026-09-14T02:30:01Z,1.0,7,2,481,0,0,123136,121.69399005698506,0.028456620988436043,0.050129560055211186,0.18503799101745802,1.9267529690405354,0.007142138972367142,1011.8494754123823,1980.0,2619.0,458.65999999999997,472.949,50.0,100.0,85.0,0.0,0.0,0.0,0.05,0.0,0.05,0.8,1.2,0.6671443305785124,2.815405553719008,121,0.0,16.0,0.022223118496410454,0.0,False
20260914T030000Z,2026-09-14T03:00:00Z,2026-09-14T03:00:00Z,0.0,2026-09-14T03:00:00Z,0.0,2026-09-14T03:00:01Z,1.0,7,3,481,0,0,123136,121.70720444596373,0.03292022994719446,0.08138081198558211,0.3089483383864795,1.944358390988782,0.007142308902214555,1011.7396136123613,1980.0,2619.0,451.25,466.878,44.0,100.0,85.0,0.0,0.0,0.0,0.0,0.0,0.05,0.8,1.2,0.6632985333333333,2.8397379333333332,120,0.0,17.0,0.025974025974025983,0.0,False
20260914T033000Z,2026-09-14T03:30:00Z,2026-09-14T03:30:00Z,0.0,2026-09-14T03:30:00Z,0.0,2026-09-14T03:30:01Z,1.0,7,3,481,0,0,123136,121.66235481097829,0.030490399105474353,0.07103124097920954,0.2535643452178762,1.9361708069918677,0.007145726341096794,1012.1125815073303,1980.0,2619.0,457.95,474.854,50.0,100.0,85.0,0.0,0.0,0.0,0.05,0.0,0.05,0.8,1.2,0.6689692666666667,2.8396236,120,0.0,18.0,0.02649834637412274,0.0,False
20260914T040000Z,2026-09-14T04:00:00Z,2026-09-14T04:00:00Z,0.0,2026-09-14T04:00:00Z,0.0,2026-09-14T04:00:01Z,1.0,7,4,481,0,0,123136,121.67668192298152,0.030110633000731468,0.05871472193393856,0.21113817436159024,1.9355472089955583,0.007149481764702382,1011.9934078901182,1980.0,2619.0,455.94,471.852,49.0,100.0,85.0,0.0,0.0,0.0,0.05,0.0,0.05,0.8,1.2,0.664648132231405,2.8162720661157024,120,0.0,18.0,0.026175687666370906,0.0,False
20260914T043000Z,2026-09-14T04:30:00Z,2026-09-14T04:30:00Z,0.0,2026-09-14T04:30:00Z,0.0,2026-09-14T04:30:01Z,1.0,7,4,481,0,0,123136,121.74028669798281,0.029760188073851168,0.054093178012408316,0.21419538528051424,1.9396794450003654,0.007145845117595266,1011.464678947896,1980.0,2619.0,458.53,474.1485,52.0,100.0,85.0,0.0,0.0,0.0,0.0,0.0,0.15,0.819999999999999,2.4,0.6689744,2.8380701333333334,120,0.0,17.0,0.024643058804549534,0.0,False
